site_id,nom,email,telephone,telephone_2,adresse,code_postal,ville,departement,departement_nom,latitude,longitude,site_web,formations,url_fiche,source_dep_url
32543,Auto-Ecole Herbet,,0323546476,,14 Rue du Général Mangin,02600,VILLERS COTTERETS,02,aisne,49.2540244,3.0918933,,Permis AAC | Permis Auto | Permis Moto A2 | Permis Moto 125 | Conduite supervisée,https://www.auto-ecole.info/info-auto-ecole--auto-ecole-herbet--a--villers-cotterets--02600--32543.html,https://www.auto-ecole.info/auto-ecole--aisne--02.html
28025,AUTO ECOLE MARESCAUX MONIQUE,,0327842612,,4 BIS PLACE DOCTEUR MARECHAL,02630,WASSIGNY,02,aisne,50.013057708739993,3.5986111164093,,,https://www.auto-ecole.info/info-auto-ecole--auto-ecole-marescaux-monique--a--wassigny--02630--28025.html,https://www.auto-ecole.info/auto-ecole--aisne--02.html
10503,Legros Yannick,,0323214665,,29 Avenue Charles de Gaulle,02250,MARLE,02,aisne,49.7389676,3.7706416999999,,,https://www.auto-ecole.info/info-auto-ecole--legros-yannick--a--marle--02250--10503.html,https://www.auto-ecole.info/auto-ecole--aisne--02.html
28019,AUTO ECOLE LIGNE DE CONDUITE,,0323202688,,29 PLACE DE L HOTEL DE VILLE,02340,MONTCORNET,02,aisne,49.696666717529006,4.0163888931273997,,Permis AAC | Permis Auto | Conduite supervisée,https://www.auto-ecole.info/info-auto-ecole--auto-ecole-ligne-de-conduite--a--montcornet--02340--28019.html,https://www.auto-ecole.info/auto-ecole--aisne--02.html
2137,AUTO-ECOLE Golotvine MONTESCOURT,,0323639439,,41 avenue de la Victoire,02440,MONTESCOURT-LIZEROLLES,02,aisne,49.7356296,3.2475156,,,https://www.auto-ecole.info/info-auto-ecole--auto-ecole-golotvine-montescourt--a--montescourt-lizerolles--02440--2137.html,https://www.auto-ecole.info/auto-ecole--aisne--02.html
39382,Sbc Auto Ecole,,0953553774,,2 Av. de Château Thierry,02470,Neuilly-Saint-Front,02,aisne,49.1664365,3.2701518,,,https://www.auto-ecole.info/info-auto-ecole--sbc-auto-ecole--a--neuilly-saint-front--02470--39382.html,https://www.auto-ecole.info/auto-ecole--aisne--02.html
10528,CER du Château,cer.duchateau@orange.fr,0323709248,0688268294,11 rue du Château,02470,NEUILLY SAINT FRONT,02,aisne,49.170303448660256,3.2594502074096,https://www.cer-du-chateau.fr,Brevet de sécurité routière | Permis AAC | Permis Auto | Permis Moto | Permis Moto A2 | Permis Moto 125 | Équivalence 125 (7h) | Permis à 1€ par Jour | Permis Remorque B96 | CER | Code en ligne possible | Formation auto par stage possible | Conduite supervisée,https://www.auto-ecole.info/info-auto-ecole--cer-du-chateau--a--neuilly-saint-front--02470--10528.html,https://www.auto-ecole.info/auto-ecole--aisne--02.html
32550,BATEAU ECOLE AMOO,,0627633243,,12 CHEMIN DU VILLE,02200,PASLY,02,aisne,49.402500152588004,3.2977778911591002,,Permis AAC | Permis Auto | Conduite supervisée,https://www.auto-ecole.info/info-auto-ecole--bateau-ecole-amoo--a--pasly--02200--32550.html,https://www.auto-ecole.info/auto-ecole--aisne--02.html
32539,ASSOCIATION VOILES DU SOISSONNAIS,,0323734760,,10 RUE BRUNEHANT,02200,POMMIERS,02,aisne,49.393611907959006,3.2722220420836998,,Permis Bateau,https://www.auto-ecole.info/info-auto-ecole--association-voiles-du-soissonnais--a--pommiers--02200--32539.html,https://www.auto-ecole.info/auto-ecole--aisne--02.html
10502,Auto Ecole Ledoux,,0323043973,0364174791,52 r Gén St Hilaire,02240,RIBEMONT,02,aisne,49.7926141,3.4533205,,Permis AAC | Permis Auto | Conduite supervisée,https://www.auto-ecole.info/info-auto-ecole--auto-ecole-ledoux--a--ribemont--02240--10502.html,https://www.auto-ecole.info/auto-ecole--aisne--02.html
287,RCFT ST Quentin,,0323641111,,Avenue Abel Bardin et Charles Benoit,02100,ROUVROY,02,aisne,49.8549493,3.3182859,,Brevet de sécurité routière | Permis AAC | Permis Auto | Permis Moto | Permis Moto A2 | Permis Moto 125 | Permis à 1€ par Jour | Permis Remorque | Permis à Point | Permis Camion | Permis Transport en Commun | Permis CACES | ANPER | Conduite aménagée,https://www.auto-ecole.info/info-auto-ecole--rcft-st-quentin--a--rouvroy--02100--287.html,https://www.auto-ecole.info/auto-ecole--aisne--02.html
10516,Auto-Moto Ecole Dominique,,0630575484,,165 r Praille,02360,ROZOY SUR SERRE,02,aisne,49.7133074,4.1236318,,,https://www.auto-ecole.info/info-auto-ecole--auto-moto-ecole-dominique--a--rouvroy-sur-serre--02360--10516.html,https://www.auto-ecole.info/auto-ecole--aisne--02.html
10542,SAINT ERME AUTO ECOLES,,0323203560,,4 RUE DES TORTUES ROYES,02820,SAINT ERME OUTRE ET RAMECOURT,02,aisne,49.53017,3.857108,,Permis AAC | Permis Auto | Permis Moto A2 | Permis Moto 125 | Conduite supervisée,https://www.auto-ecole.info/info-auto-ecole--saint-erme-auto-ecoles--a--saint-erme-outre-et-ramecourt--02820--10542.html,https://www.auto-ecole.info/auto-ecole--aisne--02.html
37509,SAS AUTO ECOLE DU CENTRE,,,,,02410,SAINT GOBAIN,02,aisne,49.595279693603999,3.3769440650939995,,,https://www.auto-ecole.info/info-auto-ecole--sas-auto-ecole-du-centre--a--saint-gobain--02410--37509.html,https://www.auto-ecole.info/auto-ecole--aisne--02.html
2093,AUTO-ECOLE PATRICK,,0323986536,,50 bis place Rochefort,02830,SAINT MICHEL,02,aisne,49.9195497,4.1346000999999,,Permis AAC | Permis Auto | Conduite supervisée,https://www.auto-ecole.info/info-auto-ecole--auto-ecole-patrick--a--saint-michel--02830--2093.html,https://www.auto-ecole.info/auto-ecole--aisne--02.html
32530,AUTO ECOLE PLACE DU 8,,0627812605,0323050973,2 PLACE DU HUIT OCTOBRE,02100,SAINT QUENTIN,02,aisne,49.8426491,3.2946448,,Permis AAC | Permis Auto | Conduite supervisée,https://www.auto-ecole.info/info-auto-ecole--auto-ecole-place-du-8--a--saint-quentin--02100--32530.html,https://www.auto-ecole.info/auto-ecole--aisne--02.html
10468,AUTO ECOLE MARIN,,0323628117,,25 Rue Sous Préfecture,02100,SAINT QUENTIN,02,aisne,49.846338,3.2915688000001,,,https://www.auto-ecole.info/info-auto-ecole--auto-ecole-marin--a--saint-quentin--02100--10468.html,https://www.auto-ecole.info/auto-ecole--aisne--02.html
2161,Auto-Ecole OSR,,0323642599,,47 rue Antoine Lecuyer,02100,SAINT QUENTIN,02,aisne,49.8489989,3.2840238,,,https://www.auto-ecole.info/info-auto-ecole--auto-ecole-osr--a--saint-quentin--02100--2161.html,https://www.auto-ecole.info/auto-ecole--aisne--02.html
2113,Stych Auto Ecole Saint Quentin,,0323081108,,41 rue du Président John Fidgérald Kennedy,02100,SAINT QUENTIN,02,aisne,49.847066,3.2873999999999,,"Permis AAC | Permis Auto | Permis à 1€ par Jour | Permis à Point | Post permis, perfectionnement à la conduite | Éco Conduite | Code en ligne possible | Conduite supervisée",https://www.auto-ecole.info/info-auto-ecole--stych-auto-ecole-saint-quentin--a--saint-quentin--02100--2113.html,https://www.auto-ecole.info/auto-ecole--aisne--02.html
2134,AUTO-ECOLE BERTELLI,,0323642566,,7 rue d'Isle,02100,SAINT QUENTIN,02,aisne,49.8454234,3.290124,,Brevet de sécurité routière | Permis AAC | Permis Auto | Permis Moto A2 | Permis Moto 125 | Conduite supervisée,https://www.auto-ecole.info/info-auto-ecole--auto-ecole-bertelli--a--saint-quentin--02100--2134.html,https://www.auto-ecole.info/auto-ecole--aisne--02.html
32537,AUTO-ECOLE ST ELOI,,0323622220,,26 RUE DES ETATS GENERAUX,02100,SAINT QUENTIN,02,aisne,49.848888397216989,3.2858328819275004,,Brevet de sécurité routière | Permis AAC | Permis Auto | Permis Moto A2 | Permis Moto 125 | Conduite supervisée,https://www.auto-ecole.info/info-auto-ecole--auto-ecole-st-eloi--a--saint-quentin--02100--32537.html,https://www.auto-ecole.info/auto-ecole--aisne--02.html
2131,AUTO ECOLE PANICO,,0323684026,,167 rue du Général Leclerc,02100,SAINT QUENTIN,02,aisne,49.8371691,3.3044955,,Brevet de sécurité routière | Permis AAC | Permis Auto | Conduite supervisée,https://www.auto-ecole.info/info-auto-ecole--auto-ecole-panico--a--saint-quentin--02100--2131.html,https://www.auto-ecole.info/auto-ecole--aisne--02.html
28001,AUTO ECOLE DSF,,0323676363,,10 RUE DU GENERAL LECLERC,02100,SAINT QUENTIN,02,aisne,49.848888397216989,3.2858328819275004,,Brevet de sécurité routière | Permis AAC | Permis Auto | Permis Moto A2 | Permis Moto 125 | Conduite supervisée,https://www.auto-ecole.info/info-auto-ecole--auto-ecole-dsf--a--saint-quentin--02100--28001.html,https://www.auto-ecole.info/auto-ecole--aisne--02.html
10465,BERSEZ CONDUITE,,0323087513,,3 Rue des Glacis,02100,SAINT QUENTIN,02,aisne,49.8470353,3.2958067,,,https://www.auto-ecole.info/info-auto-ecole--bersez-conduite--a--saint-quentin--02100--10465.html,https://www.auto-ecole.info/auto-ecole--aisne--02.html
39320,Auto-École du Conservatoire,autoecoleduconservatoire@gmail.com,0950910532,,57 Rue D'Isle,02100,Saint-Quentin,02,aisne,49.8442630,3.2915664,https://www.autoecoleduconservatoire.fr,Permis AAC | Permis Auto | Code en ligne possible | Conduite supervisée,https://www.auto-ecole.info/info-auto-ecole--auto-ecole-du-conservatoire--a--saint-quentin--02100--39320.html,https://www.auto-ecole.info/auto-ecole--aisne--02.html
10054,RCFT ST Quentin,,0323059030,,5 rue Bellevue,02100,SAINT QUENTIN,02,aisne,49.852434,3.2990488,,Permis AAC | Permis Auto | Permis Moto | Permis Moto A2 | Permis Moto 125 | Permis à 1€ par Jour | Permis à Point | Permis Camion | Permis Transport en Commun | ANPER | Conduite supervisée | Conduite aménagée,https://www.auto-ecole.info/info-auto-ecole--rcft-st-quentin--a--saint-quentin--02100--10054.html,https://www.auto-ecole.info/auto-ecole--aisne--02.html
32611,PROMOTRANS-SAINT QUENTIN,,0323643387,,RUE MARCEL PAUL,02100,SAINT QUENTIN,02,aisne,49.848888397216989,3.2858328819275004,,Permis AAC | Permis Auto | Conduite supervisée,https://www.auto-ecole.info/info-auto-ecole--promotrans-saint-quentin--a--saint-quentin--02100--32611.html,https://www.auto-ecole.info/auto-ecole--aisne--02.html
2125,Auto Ecole Golotvine,,0323676363,,9 rue Général Leclerc,02100,SAINT QUENTIN,02,aisne,49.8415838,3.2959226,,,https://www.auto-ecole.info/info-auto-ecole--auto-ecole-golotvine--a--saint-quentin--02100--2125.html,https://www.auto-ecole.info/auto-ecole--aisne--02.html
2145,AUTO-ECOLE LAURENT ANTHONY,,0323680052,,26 place Cordier,02100,SAINT QUENTIN,02,aisne,49.8390712,3.2984761,,Permis AAC | Permis Auto | Conduite supervisée,https://www.auto-ecole.info/info-auto-ecole--auto-ecole-laurent-anthony--a--saint-quentin--02100--2145.html,https://www.auto-ecole.info/auto-ecole--aisne--02.html
10470,Auto Ecole Dachery,,0323675307,,26 r Paris,02100,SAINT QUENTIN,02,aisne,49.8422923,3.2764572999999,,,https://www.auto-ecole.info/info-auto-ecole--auto-ecole-dachery--a--saint-quentin--02100--10470.html,https://www.auto-ecole.info/auto-ecole--aisne--02.html
10474,Auto Ecole Golotvine,,0323089298,,50 av Robert Schuman,02100,SAINT QUENTIN,02,aisne,49.8602687,3.2983133,,,https://www.auto-ecole.info/info-auto-ecole--auto-ecole-golotvine--a--saint-quentin--02100--10474.html,https://www.auto-ecole.info/auto-ecole--aisne--02.html
25966,Auto-Moto Ecole Philippe,,0323676419,,5 Ter bd Henri Martin,02100,SAINT QUENTIN,02,aisne,49.8475849,3.2799257,,Permis AAC | Permis Auto | Conduite supervisée,https://www.auto-ecole.info/info-auto-ecole--auto-moto-ecole-philippe--a--saint-quentin--02100--25966.html,https://www.auto-ecole.info/auto-ecole--aisne--02.html
2092,AUTO-ECOLE DOUCY,,0323681123,,243 rue de Guise,02100,SAINT QUENTIN,02,aisne,49.8408732,3.3129659,,Brevet de sécurité routière | Permis AAC | Permis Auto | Conduite supervisée,https://www.auto-ecole.info/info-auto-ecole--auto-ecole-doucy--a--saint-quentin--02100--2092.html,https://www.auto-ecole.info/auto-ecole--aisne--02.html
32546,ECOLE DE CONDUITE STAND 22,,0627554515,,10 ALLEE DES NOBEL,02200,SOISSONS,02,aisne,49.380832672118999,3.3261110782623007,,Permis AAC | Permis Auto | Conduite supervisée,https://www.auto-ecole.info/info-auto-ecole--ecole-de-conduite-stand-22--a--soissons--02200--32546.html,https://www.auto-ecole.info/auto-ecole--aisne--02.html
10498,Auto Ecole Golotvine,,0323533336,,74 av de Compiègne,02200,SOISSONS,02,aisne,49.3813124,3.3079659,,,https://www.auto-ecole.info/info-auto-ecole--auto-ecole-golotvine--a--soissons--02200--10498.html,https://www.auto-ecole.info/auto-ecole--aisne--02.html
2119,AUTO-ECOLE AU 56,,0323532837,,56 avenue de Reims,02200,SOISSONS,02,aisne,49.3748701,3.3371089,,Permis AAC | Permis Auto | Conduite supervisée,https://www.auto-ecole.info/info-auto-ecole--auto-ecole-au-56--a--soissons--02200--2119.html,https://www.auto-ecole.info/auto-ecole--aisne--02.html
2149,AUTO-ECOLE DE LA GRAND PLACE,,0323593098,,"1, Rue Bara",02200,SOISSONS,02,aisne,49.3842178,3.324261,,Brevet de sécurité routière | Permis AAC | Permis Auto | Conduite supervisée,https://www.auto-ecole.info/info-auto-ecole--auto-ecole-de-la-grand-place--a--soissons--02200--2149.html,https://www.auto-ecole.info/auto-ecole--aisne--02.html
2126,AUTO-ECOLE LEPOLARD,,0323531997,,38 bd Alexandre Dumas,02200,SOISSONS,02,aisne,49.386786,3.320658,,,https://www.auto-ecole.info/info-auto-ecole--auto-ecole-lepolard--a--soissons--02200--2126.html,https://www.auto-ecole.info/auto-ecole--aisne--02.html
32585,AUTO ECOLE SD,,,,2 RUE ANNE MORGAN,02200,SOISSONS,02,aisne,49.380832672118999,3.3261110782623007,,Permis AAC | Permis Auto | Conduite supervisée,https://www.auto-ecole.info/info-auto-ecole--auto-ecole-sd--a--soissons--02200--32585.html,https://www.auto-ecole.info/auto-ecole--aisne--02.html
2112,AUTO-ECOLE SOCIALE SOISSONNAIS,,0323745530,,11 allée Pierre Mendes France,02200,SOISSONS,02,aisne,49.3763545,3.3325983,,,https://www.auto-ecole.info/info-auto-ecole--auto-ecole-sociale-soissonnais--a--soissons--02200--2112.html,https://www.auto-ecole.info/auto-ecole--aisne--02.html
2136,AUTO ECOLE JOSETTE,,0323731693,,2 boulevard de Presles,02200,SOISSONS,02,aisne,49.3761768,3.3098639,,,https://www.auto-ecole.info/info-auto-ecole--auto-ecole-josette--a--soissons--02200--2136.html,https://www.auto-ecole.info/auto-ecole--aisne--02.html
32535,AUTO ECOLE DU CENTRE,,0651197413,,8 RUE SAINT ANTOINE,02200,SOISSONS,02,aisne,49.380832672118999,3.3261110782623007,,Permis AAC | Permis Auto | Conduite supervisée,https://www.auto-ecole.info/info-auto-ecole--auto-ecole-du-centre--a--soissons--02200--32535.html,https://www.auto-ecole.info/auto-ecole--aisne--02.html
2153,ECOLE DE CONDUITE M'AUTO-PLUS,,0323595800,,28 avenue de Reims,02200,SOISSONS,02,aisne,49.3755803,3.3344001,,Brevet de sécurité routière | Permis AAC | Permis Auto | Permis Moto A2 | Permis Moto 125 | Conduite supervisée,https://www.auto-ecole.info/info-auto-ecole--ecole-de-conduite-m-auto-plus--a--soissons--02200--2153.html,https://www.auto-ecole.info/auto-ecole--aisne--02.html
2144,AUTO ECOLE MARIE-CLAIRE,,0323533607,,37 avenue de Compiègne,02200,SOISSONS,02,aisne,49.3814677,3.3135076999999,,Brevet de sécurité routière | Permis AAC | Permis Auto | Permis Moto A2 | Permis Moto 125 | Conduite supervisée,https://www.auto-ecole.info/info-auto-ecole--auto-ecole-marie-claire--a--soissons--02200--2144.html,https://www.auto-ecole.info/auto-ecole--aisne--02.html
32528,AUTO-ECOLE LEPOLARD,,0323531997,,ROND POINT PASTEUR,02200,SOISSONS,02,aisne,49.380832672118999,3.3261110782623007,,Brevet de sécurité routière | Permis AAC | Permis Auto | Permis Moto A2 | Permis Moto 125 | Permis Remorque | Permis Remorque B96 | Conduite supervisée,https://www.auto-ecole.info/info-auto-ecole--auto-ecole-lepolard--a--soissons--02200--32528.html,https://www.auto-ecole.info/auto-ecole--aisne--02.html
2155,Auto Ecole Golotvine,,0323572233,,12 boulevard G. Grégoire,02700,TERGNIER,02,aisne,49.6554143,3.2979445,,Brevet de sécurité routière | Permis AAC | Permis Auto | Permis Moto A2 | Permis Moto 125 | Permis Remorque | Permis Remorque B96 | Conduite supervisée,https://www.auto-ecole.info/info-auto-ecole--auto-ecole-golotvine--a--tergnier--02700--2155.html,https://www.auto-ecole.info/auto-ecole--aisne--02.html
348,AUTO ECOLE ROSSIGNOL,,0323572357,,"24, rue Pierre Sémard",02700,TERGNIER,02,aisne,49.6561033,3.2971494999999,,Permis AAC | Permis Auto | Permis Moto | Permis Moto A2 | Permis Moto 125 | Permis à 1€ par Jour | Permis à Point | ANPER | Conduite supervisée,https://www.auto-ecole.info/info-auto-ecole--auto-ecole-rossignol--a--tergnier--02700--348.html,https://www.auto-ecole.info/auto-ecole--aisne--02.html
347,ECOLE DE CONDUITE TURLIN,,0323546657,,"9, boulevard Pierret",02370,VAILLY-SUR-AISNE,02,aisne,49.4097048,3.5190251,,Brevet de sécurité routière | Permis AAC | Permis Auto | Permis Moto | Permis Moto A2 | Permis Moto 125 | Permis à 1€ par Jour | Permis à Point | ANPER | Conduite supervisée,https://www.auto-ecole.info/info-auto-ecole--ecole-de-conduite-turlin--a--vailly-sur-aisne--02370--347.html,https://www.auto-ecole.info/auto-ecole--aisne--02.html
2123,AUTO-ECOLE DU VERMANDOIS,,0323665318,,ZA Route Nationale 29,02490,VERMAND,02,aisne,49.87808,3.149825,,Permis AAC | Permis Auto | Conduite supervisée,https://www.auto-ecole.info/info-auto-ecole--auto-ecole-du-vermandois--a--vermand--02490--2123.html,https://www.auto-ecole.info/auto-ecole--aisne--02.html
2111,AUTO-ECOLE LEDOUX,,0323981753,,20 rue Dusolon,02140,VERVINS,02,aisne,49.8362813,3.9115084,,Brevet de sécurité routière | Permis AAC | Permis Auto | Permis Moto A2 | Permis Moto 125 | Conduite supervisée,https://www.auto-ecole.info/info-auto-ecole--auto-ecole-ledoux--a--vervins--02140--2111.html,https://www.auto-ecole.info/auto-ecole--aisne--02.html
2105,AUTO-ECOLE DU DONJON,,0364183568,,16 place du Général De Gaulle,02290,VIC SUR AISNE,02,aisne,49.40518,3.1154329999999,,Brevet de sécurité routière | Permis AAC | Permis Auto | Permis Moto A2 | Permis Moto 125 | Permis Remorque | Permis Remorque B96 | Conduite supervisée,https://www.auto-ecole.info/info-auto-ecole--auto-ecole-du-donjon--a--vic-sur-aisne--02290--2105.html,https://www.auto-ecole.info/auto-ecole--aisne--02.html
450,CER Alexandre Dumas,cer.a.dumas@orange.fr,0323961974,0688268294,20 rue du Général Leclerc,02600,Villers-Cotterêts,02,aisne,49.2556107,3.0833903,https://www.cer-alexandre-dumas.fr,Brevet de sécurité routière | Permis AAC | Permis Auto | Permis Moto | Permis Moto A2 | Permis Moto 125 | Équivalence 125 (7h) | Permis à 1€ par Jour | Permis Remorque B96 | CER | Code en ligne possible | Conduite supervisée,https://www.auto-ecole.info/info-auto-ecole--cer-alexandre-dumas--a--villers-cotterets--02600--450.html,https://www.auto-ecole.info/auto-ecole--aisne--02.html
10524,RCFT ST Quentin,,0323095166,,35 r Picardie,02420,BELLICOURT,02,aisne,49.9616769,3.2314018,,Permis AAC | Permis Auto | Permis Moto | Permis à 1€ par Jour | Permis à Point | Permis Camion | Permis Transport en Commun | ANPER | Conduite supervisée | Conduite aménagée,https://www.auto-ecole.info/info-auto-ecole--rcft-st-quentin--a--bellicourt--02420--10524.html,https://www.auto-ecole.info/auto-ecole--aisne--02.html
32578,AUTO ECOLE DU BOURG,,0323523886,,9 PLACE HOTEL DE VILLE,02300,BLERANCOURT,02,aisne,49.5164586,3.1508895,,Permis AAC | Permis Auto | Conduite supervisée,https://www.auto-ecole.info/info-auto-ecole--auto-ecole-du-bourg--a--blerancourt--02300--32578.html,https://www.auto-ecole.info/auto-ecole--aisne--02.html
2106,AUTO-ECOLE FLABAT,,0323071136,,21 rue Fagard,02110,BOHAIN EN VERMANDOIS,02,aisne,49.9874461,3.4535731,,Permis AAC | Permis Auto | Conduite supervisée,https://www.auto-ecole.info/info-auto-ecole--auto-ecole-flabat--a--bohain-en-vermandois--02110--2106.html,https://www.auto-ecole.info/auto-ecole--aisne--02.html
32613,Auto-Ecole Aisne Permis,,0767278754,,4 BIS PLACE MICHEL PEZIN,02110,BOHAIN EN VERMANDOIS,02,aisne,49.9853644,3.4581562,,Permis AAC | Permis Auto | Conduite supervisée,https://www.auto-ecole.info/info-auto-ecole--auto-ecole-aisne-permis--a--bohain-en-vermandois--02110--32613.html,https://www.auto-ecole.info/auto-ecole--aisne--02.html
2146,AUTO-ECOLE FRANCOISE ROSIN,,0323600888,0323600690,7 rue de la Gare,02450,BOUE,02,aisne,50.0095444,3.6966181,,Permis AAC | Permis Auto | Conduite supervisée,https://www.auto-ecole.info/info-auto-ecole--auto-ecole-francoise-rosin--a--boue--02450--2146.html,https://www.auto-ecole.info/auto-ecole--aisne--02.html
32614,Auto Ecole Nominé,,0616938711,,14 BIS RUE DE LA GARE,02450,BOUE,02,aisne,50.0105581,3.6948785,,Permis Moto A2 | Permis Moto 125,https://www.auto-ecole.info/info-auto-ecole--auto-ecole-nomine--a--boue--02450--32614.html,https://www.auto-ecole.info/auto-ecole--aisne--02.html
10082,ECOLE DE CONDUITE TURLIN,,0323740518,,"29, Place Charles de Gaulle",02220,BRAINE,02,aisne,49.3414713,3.5314817,,Brevet de sécurité routière | Permis AAC | Permis Auto | Permis Moto | Permis Moto A2 | Permis Moto 125 | Permis à 1€ par Jour | Permis à Point | ANPER,https://www.auto-ecole.info/info-auto-ecole--ecole-de-conduite-turlin--a--braine--02220--10082.html,https://www.auto-ecole.info/auto-ecole--aisne--02.html
2148,CHARLY PERMIS,,0323820663,,36 rue Emile Morlot,02310,CHARLY SUR MARNE,02,aisne,48.9770957,3.2873773,,Permis AAC | Permis Auto | Conduite supervisée,https://www.auto-ecole.info/info-auto-ecole--charly-permis--a--charly-sur-marne--02310--2148.html,https://www.auto-ecole.info/auto-ecole--aisne--02.html
2091,AUTO ECOLE FRANCK PENEL,,0323832540,,22 avenue de Soissons,02400,CHATEAU THIERRY,02,aisne,49.046194,3.3986755999999,,Brevet de sécurité routière | Permis AAC | Permis Auto | Permis Moto A2 | Permis Moto 125 | Permis Remorque | Permis Remorque B96 | Conduite supervisée,https://www.auto-ecole.info/info-auto-ecole--auto-ecole-franck-penel--a--chateau-thierry--02400--2091.html,https://www.auto-ecole.info/auto-ecole--aisne--02.html
10520,Autoschool Location,,0650586617,,4 r Jean de La Fontaine,02400,CHATEAU THIERRY,02,aisne,49.0462488,3.4000437,,,https://www.auto-ecole.info/info-auto-ecole--autoschool-location--a--chateau-thierry--02400--10520.html,https://www.auto-ecole.info/auto-ecole--aisne--02.html
2096,CASTEL AUTO-ECOLE,,0323834146,,74 rue Saint Martin,02400,CHATEAU THIERRY,02,aisne,49.0432612,3.3922286,,Permis AAC | Permis Auto | Permis Bateau | Conduite supervisée,https://www.auto-ecole.info/info-auto-ecole--castel-auto-ecole--a--chateau-thierry--02400--2096.html,https://www.auto-ecole.info/auto-ecole--aisne--02.html
32598,ECOLE DE CONDUITE BENJAMIN,,0637688386,,PLACE DE L HORLOGE,02400,CHATEAU THIERRY,02,aisne,49.045276641845994,3.4016671180725,,Permis AAC | Permis Auto | Conduite supervisée,https://www.auto-ecole.info/info-auto-ecole--ecole-de-conduite-benjamin--a--chateau-thierry--02400--32598.html,https://www.auto-ecole.info/auto-ecole--aisne--02.html
2102,AUTO-ECOLE BERNARD,,0323832760,,5 rue de Gerbrois,02400,CHATEAU THIERRY,02,aisne,49.0460816,3.3948028,,,https://www.auto-ecole.info/info-auto-ecole--auto-ecole-bernard--a--chateau-thierry--02400--2102.html,https://www.auto-ecole.info/auto-ecole--aisne--02.html
32595,ECOLE DE MOTOS DE L'OMOIS,,0680367510,,AVENUE GUSTAVE EIFFEL,02400,CHATEAU-THIERRY,02,aisne,49.045276641845994,3.4016671180725,,Brevet de sécurité routière | Permis AAC | Permis Auto | Permis Moto A2 | Permis Moto 125 | Conduite supervisée,https://www.auto-ecole.info/info-auto-ecole--ecole-de-motos-de-l-omois--a--chateau-thierry--02400--32595.html,https://www.auto-ecole.info/auto-ecole--aisne--02.html
32219,23 Rc,,0364131396,,23 rue Carnot,02400,CHATEAU THIERRY,02,aisne,49.04307480000001,3.4032837,,"Permis AAC | Permis Auto | Permis Moto | Permis Moto A2 | Permis Moto 125 | Équivalence 125 (7h) | CER | Post permis, perfectionnement à la conduite | Éco Conduite | Code en ligne possible | Formation auto par stage possible | Conduite supervisée",https://www.auto-ecole.info/info-auto-ecole--23-rc--a--chateau-thierry--02400--32219.html,https://www.auto-ecole.info/auto-ecole--aisne--02.html
2156,ECOLE DE CONDUITE LA FONTAINE,,0323832681,,76 rue Carnot,02400,CHATEAU THIERRY,02,aisne,49.0411755,3.4043266,,Brevet de sécurité routière | Permis AAC | Permis Auto | Permis Moto A2 | Permis Moto 125 | Conduite supervisée,https://www.auto-ecole.info/info-auto-ecole--ecole-de-conduite-la-fontaine--a--chateau-thierry--02400--2156.html,https://www.auto-ecole.info/auto-ecole--aisne--02.html
37508,PERMIS PAS CHER CHAUNY,,0323386663,,27 Rue du Général Leclerc,02300,CHAUNY,02,aisne,49.616668701171996,3.2191669940947993,,,https://www.auto-ecole.info/info-auto-ecole--permis-pas-cher-chauny--a--chauny--02300--37508.html,https://www.auto-ecole.info/auto-ecole--aisne--02.html
28018,AUTO ECOLE JEAN SARL,,0323395959,,17 RUE DU GENERAL LECLERC,02300,CHAUNY,02,aisne,49.616668701171996,3.2191669940947993,,Permis AAC | Permis Auto | Permis Moto A2 | Permis Moto 125 | Conduite supervisée,https://www.auto-ecole.info/info-auto-ecole--auto-ecole-jean-sarl--a--chauny--02300--28018.html,https://www.auto-ecole.info/auto-ecole--aisne--02.html
39360,Auto Ecole du Centre,,0323386031,,3 Rue des Déportés,02300,Chauny,02,aisne,49.6155124,3.2179645,,,https://www.auto-ecole.info/info-auto-ecole--auto-ecole-du-centre--a--chauny--02300--39360.html,https://www.auto-ecole.info/auto-ecole--aisne--02.html
10510,Auto Ecole Golotvine,,0323563174,,8 r Paix,02300,CHAUNY,02,aisne,49.6160753,3.2185010000001,,,https://www.auto-ecole.info/info-auto-ecole--auto-ecole-golotvine--a--chauny--02300--10510.html,https://www.auto-ecole.info/auto-ecole--aisne--02.html
10506,Crécy Auto-école,,0323796138,,42 av Gén De Gaulle,02270,CRECY SUR SERRE,02,aisne,49.6940507,3.6240003,,Permis AAC | Permis Auto | Conduite supervisée,https://www.auto-ecole.info/info-auto-ecole--crecy-auto-ecole--a--crecy-sur-serre--02270--10506.html,https://www.auto-ecole.info/auto-ecole--aisne--02.html
10537,Auto Ecole Kamann Ludovic,,0323691537,,14 Bis rue de Paris,02650,CREZANCY,02,aisne,49.049959,3.5121332,,Permis AAC | Permis Auto | Conduite supervisée,https://www.auto-ecole.info/info-auto-ecole--auto-ecole-kamann-ludovic--a--crezancy--02650--10537.html,https://www.auto-ecole.info/auto-ecole--aisne--02.html
2133,Mdmc Ecole De Conduite,,0323823469,0986796165,31 place Aristide Briand,02130,FERE EN TARDENOIS,02,aisne,49.2008431,3.5132139,,,https://www.auto-ecole.info/info-auto-ecole--mdmc-ecole-de-conduite--a--fere-en-tardenois--02130--2133.html,https://www.auto-ecole.info/auto-ecole--aisne--02.html
32552,CAP MARINA,,0323079028,,3 RUE DE L EGLISE,02110,FONTAINE NOTRE DAME,02,aisne,49.883888244628999,3.4294440746306996,,Permis Bateau,https://www.auto-ecole.info/info-auto-ecole--cap-marina--a--fontaine-notre-dame--02110--32552.html,https://www.auto-ecole.info/auto-ecole--aisne--02.html
2140,AUTO-ECOLE BEATRICE,,0323660005,,17 rue Albert Meunier,02230,FRESNOY LE GRAND,02,aisne,49.948401,3.41693,,Permis AAC | Permis Auto | Conduite supervisée,https://www.auto-ecole.info/info-auto-ecole--auto-ecole-beatrice--a--fresnoy-le-grand--02230--2140.html,https://www.auto-ecole.info/auto-ecole--aisne--02.html
2141,AUTO-ECOLE MENNESSON NATHALIE,,0323604565,,2 rue Sadi Carnot,02120,GUISE,02,aisne,49.9070389,3.6281813000001,,Permis AAC | Permis Auto | Conduite supervisée,https://www.auto-ecole.info/info-auto-ecole--auto-ecole-mennesson-nathalie--a--guise--02120--2141.html,https://www.auto-ecole.info/auto-ecole--aisne--02.html
39361,Auto Ecole DSF,,0360570651,,18 Rue Alfred Chollet,02120,Guise,02,aisne,49.901943206786996,3.6277780532836998,,,https://www.auto-ecole.info/info-auto-ecole--auto-ecole-dsf--a--guise--02120--39361.html,https://www.auto-ecole.info/auto-ecole--aisne--02.html
2090,AUTO-ECOLE HIRSONNAISE,,0323581787,,138 rue Charles De Gaulle,02500,HIRSON,02,aisne,49.9171503,4.0859368,,Brevet de sécurité routière | Permis AAC | Permis Auto | Permis Moto A2 | Permis Moto 125 | Permis Remorque | Permis Remorque B96 | Conduite supervisée,https://www.auto-ecole.info/info-auto-ecole--auto-ecole-hirsonnaise--a--hirson--02500--2090.html,https://www.auto-ecole.info/auto-ecole--aisne--02.html
2116,AUTO-ECOLE DOMINIQUE,,0323581790,,2 Av. François Mitterrand,02500,HIRSON,02,aisne,49.9163564,4.0861527,,Permis Moto | Permis Moto A2,https://www.auto-ecole.info/info-auto-ecole--auto-ecole-dominique--a--hirson--02500--2116.html,https://www.auto-ecole.info/auto-ecole--aisne--02.html
10533,Auto-Moto Ecole Thierry Boivent,,0323583725,,71 Rue Vervins,02500,HIRSON,02,aisne,49.9190095,4.0822201,,,https://www.auto-ecole.info/info-auto-ecole--auto-moto-ecole-thierry-boivent--a--hirson--02500--10533.html,https://www.auto-ecole.info/auto-ecole--aisne--02.html
2115,AUTO ECOLE DES TROIS RIVIERES,,0323585444,,14 place Villemant,02500,HIRSON,02,aisne,49.9243562,4.0790772,,Brevet de sécurité routière | Permis AAC | Permis Auto | Permis Moto A2 | Permis Moto 125 | Permis Remorque | Permis Remorque B96 | Conduite supervisée,https://www.auto-ecole.info/info-auto-ecole--auto-ecole-des-trois-rivieres--a--hirson--02500--2115.html,https://www.auto-ecole.info/auto-ecole--aisne--02.html
2139,Ecole de Conduite Boivent - Richard Parisot,,0323978360,,103 Rue du Général de Gaulle,02260,LA CAPELLE,02,aisne,49.9773292,3.9168916,,,https://www.auto-ecole.info/info-auto-ecole--ecole-de-conduite-boivent-richard-parisot--a--la-capelle--02260--2139.html,https://www.auto-ecole.info/auto-ecole--aisne--02.html
2107,Auto Ecole Tout & Permis,,0323973567,,75 avenue Général De Gaulle,02260,LA CAPELLE,02,aisne,49.9753298,3.9166941,,Permis AAC | Permis Auto | Conduite supervisée,https://www.auto-ecole.info/info-auto-ecole--auto-ecole-tout-permis--a--la-capelle--02260--2107.html,https://www.auto-ecole.info/auto-ecole--aisne--02.html
10540,CER Du Bourget,,0323562266,0642692449,"29, rue du Bourget",02800,LA FÈRE,02,aisne,49.6636548,3.3629836,,"Brevet de sécurité routière | Permis AAC | Permis Auto | Permis Moto | Permis Moto A2 | Permis Moto 125 | Équivalence 125 (7h) | Permis à 1€ par Jour | Permis Remorque | Permis Remorque B96 | CER | Post permis, perfectionnement à la conduite | Éco Conduite | Code en ligne possible | Formation moto par stage possible | Conduite supervisée",https://www.auto-ecole.info/info-auto-ecole--cer-du-bourget--a--la-fere--02800--10540.html,https://www.auto-ecole.info/auto-ecole--aisne--02.html
10541,Auto Ecole Rossignol,,0323578924,,59 r République,02800,LA FÈRE,02,aisne,49.6605316,3.3684579000001,,,https://www.auto-ecole.info/info-auto-ecole--auto-ecole-rossignol--a--la-fere--02800--10541.html,https://www.auto-ecole.info/auto-ecole--aisne--02.html
2163,AUTO-ECOLE MICHELET,,0323234918,,11 rue du Point du Jour,02000,LAON,02,aisne,49.5702519,3.6379790999999,,Brevet de sécurité routière | Permis AAC | Permis Auto | Permis Moto A2 | Permis Moto 125 | Conduite supervisée,https://www.auto-ecole.info/info-auto-ecole--auto-ecole-michelet--a--laon--02000--2163.html,https://www.auto-ecole.info/auto-ecole--aisne--02.html
2142,AUTO ECOLE DU PLATEAU,,0323231994,,3 bis place Victor Hugo,02000,LAON,02,aisne,49.5700781,3.6334148999999,,Permis AAC | Permis Auto | Conduite supervisée,https://www.auto-ecole.info/info-auto-ecole--auto-ecole-du-plateau--a--laon--02000--2142.html,https://www.auto-ecole.info/auto-ecole--aisne--02.html
2135,AUTO ECOLE DEFONTAINE,,0323792394,,61boulevard de Lyon,02000,LAON,02,aisne,49.5694748,3.6297733,,Permis AAC | Permis Auto | Conduite supervisée,https://www.auto-ecole.info/info-auto-ecole--auto-ecole-defontaine--a--laon--02000--2135.html,https://www.auto-ecole.info/auto-ecole--aisne--02.html
32575,AUTO ECOLE CHAMPAGNE,,0609481308,0323230908,112 RUE PIERRE CURTIL,02000,LAON,02,aisne,49.569168090820007,3.6263890266418,,Permis AAC | Permis Auto | Conduite supervisée,https://www.auto-ecole.info/info-auto-ecole--auto-ecole-champagne--a--laon--02000--32575.html,https://www.auto-ecole.info/auto-ecole--aisne--02.html
32541,CONCEPT PERMIS,,0649889214,,1134 AVENUE GEORGES POMPIDOU,02000,LAON,02,aisne,49.569168090820007,3.6263890266418,,Permis AAC | Permis Auto | Conduite supervisée,https://www.auto-ecole.info/info-auto-ecole--concept-permis--a--laon--02000--32541.html,https://www.auto-ecole.info/auto-ecole--aisne--02.html
2108,AUTO-ECOLE FRANCOIS RAOUL,,0323794655,,7 avenue Charles De Gaulle,02000,LAON,02,aisne,49.5701635,3.6357321,,,https://www.auto-ecole.info/info-auto-ecole--auto-ecole-francois-raoul--a--laon--02000--2108.html,https://www.auto-ecole.info/auto-ecole--aisne--02.html
203,AUTO ECOLE CHAMPAGNE,,0323230908,,Point Champagne,02000,LAON,02,aisne,49.5668355,3.6433996,,Permis Auto | Permis à 1€ par Jour | Permis à Point | ANPER,https://www.auto-ecole.info/info-auto-ecole--auto-ecole-champagne--a--laon--02000--203.html,https://www.auto-ecole.info/auto-ecole--aisne--02.html
27996,NEO FORMATION,,0323202510,,4 RUE DE LA GARE,02000,AULNOIS SOUS LAON,02,aisne,49.569168090820007,3.6263890266418,,Permis AAC | Permis Auto | Conduite supervisée,https://www.auto-ecole.info/info-auto-ecole--neo-formation--a--laon--02000--27996.html,https://www.auto-ecole.info/auto-ecole--aisne--02.html
37501,MAISON DE L EMPLOI ET FORMATION,,0323273890,,,02000,LAON,02,aisne,49.569168090820007,3.6263890266418,,,https://www.auto-ecole.info/info-auto-ecole--maison-de-l-emploi-et-formation--a--laon--02000--37501.html,https://www.auto-ecole.info/auto-ecole--aisne--02.html
2158,AUTO ECOLE DEFONTAINE,,0965262738,,16 place Saint Julien,02000,LAON,02,aisne,49.5643265,3.6163999,,,https://www.auto-ecole.info/info-auto-ecole--auto-ecole-defontaine--a--laon--02000--2158.html,https://www.auto-ecole.info/auto-ecole--aisne--02.html
32540,SARL AUTO ECOLE VAUX LAON,,0631130213,0323295962,15 RUE FERNAND THUILLART,02000,LAON,02,aisne,49.5682640,3.6332276,,Permis AAC | Permis Auto | Conduite supervisée,https://www.auto-ecole.info/info-auto-ecole--sarl-auto-ecole-vaux-laon--a--laon--02000--32540.html,https://www.auto-ecole.info/auto-ecole--aisne--02.html
2159,AUTO-ECOLE DE LA PASSERELLE,,0323233760,,29 boulevard Gras-Brancourt,02000,LAON,02,aisne,49.5705725,3.6293382,,Permis AAC | Permis Auto | Permis Moto A2 | Permis Moto 125 | Conduite supervisée,https://www.auto-ecole.info/info-auto-ecole--auto-ecole-de-la-passerelle--a--laon--02000--2159.html,https://www.auto-ecole.info/auto-ecole--aisne--02.html
32563,AUTO ECOLE GUILLAUME,,0626484249,,3 RUE JEAN VIMONT VICARY,02170,LE NOUVION EN THIERACHE,02,aisne,50.016944885253992,3.7852780818939,,Permis AAC | Permis Auto | Conduite supervisée,https://www.auto-ecole.info/info-auto-ecole--auto-ecole-guillaume--a--le-nouvion-en-thierache--02170--32563.html,https://www.auto-ecole.info/auto-ecole--aisne--02.html
32600,Auto Ecole Nathalie,,0323971353,,12 RUE PAULA AUDUBERT,02170,LE NOUVION EN THIERACHE,02,aisne,50.0175739,3.7890754,,Permis AAC | Permis Auto | Permis Remorque | Permis Remorque B96 | Conduite supervisée,https://www.auto-ecole.info/info-auto-ecole--auto-ecole-nathalie--a--le-nouvion-en-thierache--02170--32600.html,https://www.auto-ecole.info/auto-ecole--aisne--02.html
32602,AUTO ECOLE BONNE CONDUITE,,0323201099,,18 RUE LALOUETTE,02250,MARLE,02,aisne,49.740001678466996,3.7730560302733998,,Permis AAC | Permis Auto | Conduite supervisée,https://www.auto-ecole.info/info-auto-ecole--auto-ecole-bonne-conduite--a--marle--02250--32602.html,https://www.auto-ecole.info/auto-ecole--aisne--02.html
32431,AUTO-ECOLE DE CHAMOISE,,0474750364,,8 RUE DES TANNERIES,01130,NANTUA,01,ain,46.155277252196996,5.6052780151367001,,Brevet de sécurité routière | Permis AAC | Permis Auto | Permis Moto A2 | Permis Moto 125 | Conduite supervisée,https://www.auto-ecole.info/info-auto-ecole--auto-ecole-de-chamoise--a--nantua--01130--32431.html,https://www.auto-ecole.info/auto-ecole--ain--01.html
24112,ECOLE DE CONDUITE NLD,,0674068504,,400 Grande Rue,01400,NEUVILLE LES DAMES,01,ain,45.9959666,4.9041893,,Permis AAC | Permis Auto | Code en ligne possible | Conduite supervisée,https://www.auto-ecole.info/info-auto-ecole--ecole-de-conduite-nld--a--neuville-les-dames--01400--24112.html,https://www.auto-ecole.info/auto-ecole--ain--01.html
2032,Auto Ecole Plastic Vallée CER,cer2lhorloge@gmail.com,0474460292,,17 rue du 8 mai 1945,01100,OYONNAX,01,ain,46.2572856,5.6578758000001,https://www.cer2lain.com,"Brevet de sécurité routière | Permis AAC | Permis Auto | Permis Moto | Permis Moto A2 | Permis Moto 125 | Équivalence 125 (7h) | Permis à 1€ par Jour | Permis Remorque | Permis Remorque B96 | Permis à Point | Permis Bateau | ANPER | Post permis, perfectionnement à la conduite | Éco Conduite | Code en ligne possible | Formation auto par stage possible | Conduite supervisée | Conduite aménagée",https://www.auto-ecole.info/info-auto-ecole--auto-ecole-plastic-vallee-cer--a--oyonnax--01100--2032.html,https://www.auto-ecole.info/auto-ecole--ain--01.html
32471,NAT AUTO MOTO,,0783523964,,4 RUE PIERRE BRUNET,01100,OYONNAX,01,ain,46.260833740234006,5.6547222137450994,,Permis AAC | Permis Auto | Conduite supervisée,https://www.auto-ecole.info/info-auto-ecole--nat-auto-moto--a--oyonnax--01100--32471.html,https://www.auto-ecole.info/auto-ecole--ain--01.html
2017,AUTO-ECOLE GERARD,,0474772704,,55 rue Anatole France,01100,OYONNAX,01,ain,46.2606426,5.6586837,,Permis AAC | Permis Auto | Conduite supervisée,https://www.auto-ecole.info/info-auto-ecole--auto-ecole-gerard--a--oyonnax--01100--2017.html,https://www.auto-ecole.info/auto-ecole--ain--01.html
2083,AUTO ECOLE PAINLEVE,,0474771832,0668691832,9 place des Déportés,01100,Oyonnax,01,ain,46.256308,5.6597796999999,,Permis AAC | Permis Auto | Permis à 1€ par Jour | Code en ligne possible | Conduite supervisée,https://www.auto-ecole.info/info-auto-ecole--auto-ecole-painleve--a--oyonnax--01100--2083.html,https://www.auto-ecole.info/auto-ecole--ain--01.html
2062,Ecole De Conduite De L Ain 01,,0474730630,,21 rue Voltaire,01100,OYONNAX,01,ain,46.2564355,5.6560694,,,https://www.auto-ecole.info/info-auto-ecole--ecole-de-conduite-de-l-ain-01--a--oyonnax--01100--2062.html,https://www.auto-ecole.info/auto-ecole--ain--01.html
10353,AUTO ECOLE BARNI,,0474730630,,89 COURS DE VERDUN,01100,OYONNAX,01,ain,46.2584626,5.6461592000001,,Brevet de sécurité routière | Permis AAC | Permis Auto | Permis Moto A2 | Permis Moto 125 | Permis Remorque | Permis Remorque B96 | Permis Bateau | Conduite supervisée,https://www.auto-ecole.info/info-auto-ecole--auto-ecole-barni--a--oyonnax--01100--10353.html,https://www.auto-ecole.info/auto-ecole--ain--01.html
2023,AUTO ECOLE PHENIX,aephenix3@gmail.com,0474738824,0685883627,42 Bis Rue Jules Michelet,01100,OYONNAX,01,ain,46.2545673,5.6530946,,"Brevet de sécurité routière | Permis AAC | Permis Auto | Permis Moto | Permis Moto A2 | Permis Moto 125 | Équivalence 125 (7h) | Permis à 1€ par Jour | Permis Remorque | Permis Remorque B96 | Post permis, perfectionnement à la conduite | Éco Conduite | Code en ligne possible | Formation auto par stage possible | Formation moto par stage possible | Conduite supervisée",https://www.auto-ecole.info/info-auto-ecole--auto-ecole-phenix--a--oyonnax--01100--2023.html,https://www.auto-ecole.info/auto-ecole--ain--01.html
2057,AUTO ECOLE AVENIR,,0474770083,,49 rue Anatole France,01100,OYONNAX,01,ain,46.2607235,5.6587962,,,https://www.auto-ecole.info/info-auto-ecole--auto-ecole-avenir--a--oyonnax--01100--2057.html,https://www.auto-ecole.info/auto-ecole--ain--01.html
32514,AUTO ECOLE MONTESQUIEU PRIMEVERE,,0474210949,,33 C RUE DE L EUROPE,01960,PERONNAS,01,ain,46.182777404785,5.1975002288817986,,Permis AAC | Permis Auto | Conduite supervisée,https://www.auto-ecole.info/info-auto-ecole--auto-ecole-montesquieu-primevere--a--peronnas--01960--32514.html,https://www.auto-ecole.info/auto-ecole--ain--01.html
10394,Auto Ecole Pilote,,0474257143,,80C RUE DE LA MARE CLAUDE,01310,POLLIAT,01,ain,46.247486,5.1258941999999,,Permis AAC | Permis Auto | Conduite supervisée,https://www.auto-ecole.info/info-auto-ecole--auto-ecole-pilote--a--polliat--01310--10394.html,https://www.auto-ecole.info/auto-ecole--ain--01.html
27991,AUTO ECOLE HA - YES,,,,15 RUE DU 8 MAI 1945,01450,PONCIN,01,ain,46.087501525878999,5.4069437980652006,,,https://www.auto-ecole.info/info-auto-ecole--auto-ecole-ha-yes--a--poncin--01450--27991.html,https://www.auto-ecole.info/auto-ecole--ain--01.html
32505,ECOLE DE CONDUITE ADL,,0474390389,,RUE DU 1ER SEPTEMBRE 1944,01160,PONT D AIN,01,ain,46.050834655761982,5.3350000381469993,,Brevet de sécurité routière | Permis AAC | Permis Auto | Conduite supervisée,https://www.auto-ecole.info/info-auto-ecole--ecole-de-conduite-adl--a--pont-d-ain--01160--32505.html,https://www.auto-ecole.info/auto-ecole--ain--01.html
27981,AIRE DE CONDUITE,,0474381716,,6 RUE BERNARD GANGLOFF,01160,PONT D AIN,01,ain,46.050834655761982,5.3350000381469993,,Permis AAC | Permis Auto | Conduite supervisée,https://www.auto-ecole.info/info-auto-ecole--aire-de-conduite--a--pont-d-ain--01160--27981.html,https://www.auto-ecole.info/auto-ecole--ain--01.html
32412,AUTO-ECOLE MOREAU,,0385303229,,15 PLACE LEGRAND,01190,Pont-de-Vaux,01,ain,46.42879,4.93854,,Brevet de sécurité routière | Permis AAC | Permis Auto | Permis Moto A2 | Permis Moto 125 | Permis Remorque | Permis Remorque B96 | Permis CACES | Permis Bateau | Conduite supervisée,https://www.auto-ecole.info/info-auto-ecole--auto-ecole-moreau--a--pont-de-vaux--01190--32412.html,https://www.auto-ecole.info/auto-ecole--ain--01.html
2009,CENTRE DE FORMATION MOREAU,,0385303229,,85 Rue Maréchal de Lattre de Tassigny,01190,PONT DE VAUX,01,ain,46.43048,4.93825,,,https://www.auto-ecole.info/info-auto-ecole--centre-de-formation-moreau--a--pont-de-vaux--01190--2009.html,https://www.auto-ecole.info/auto-ecole--ain--01.html
10371,AUTO ECOLE LE SAINT ANTOINE,,0385303534,,69 Rue Marechal de Lattre De Tassigny,01190,PONT DE VAUX,01,ain,46.429844,4.938594699999999,,Brevet de sécurité routière | Permis AAC | Permis Auto | Permis Moto A2 | Permis Moto 125 | Conduite supervisée,https://www.auto-ecole.info/info-auto-ecole--auto-ecole-le-saint-antoine--a--pont-de-vaux--01190--10371.html,https://www.auto-ecole.info/auto-ecole--ain--01.html
2002,Aj-Lity Auto Ecole,,0371490065,,60 Grande Rue,01290,PONT DE VEYLE,01,ain,46.2633574,4.8883594,,Permis AAC | Permis Auto | Conduite supervisée,https://www.auto-ecole.info/info-auto-ecole--aj-lity-auto-ecole--a--pont-de-veyle--01290--2002.html,https://www.auto-ecole.info/auto-ecole--ain--01.html
25952,AUTO ECOLE PRIAYSIENNE,,0980481302,,380 Grande Rue de la Cotière,01160,PRIAY,01,ain,46.0002723,5.2855922,,Permis AAC | Permis Auto | Permis à 1€ par Jour | Conduite supervisée,https://www.auto-ecole.info/info-auto-ecole--auto-ecole-priaysienne--a--priay--01160--25952.html,https://www.auto-ecole.info/auto-ecole--ain--01.html
2031,AUTO ECOLE CAP PERMIS,,0385311266,,116 rue Rosset,01750,REPLONGES,01,ain,46.3017095,4.8712475,,Brevet de sécurité routière | Permis AAC | Permis Auto | Permis Moto A2 | Permis Moto 125 | Conduite supervisée,https://www.auto-ecole.info/info-auto-ecole--auto-ecole-cap-permis--a--replonges--01750--2031.html,https://www.auto-ecole.info/auto-ecole--ain--01.html
2051,AUTO ECOLE ALPI,,0474005597,,30 Rue de la Place,01600,REYRIEUX,01,ain,45.9347675,4.8241662,,Permis AAC | Permis Auto | Conduite supervisée,https://www.auto-ecole.info/info-auto-ecole--auto-ecole-alpi--a--reyrieux--01600--2051.html,https://www.auto-ecole.info/auto-ecole--ain--01.html
10343,Auto Ecole du Revermont,,0474242406,,pl Mairie,01000,SAINT DENIS LES BOURG,01,ain,46.2028641,5.1931595999999,,,https://www.auto-ecole.info/info-auto-ecole--auto-ecole-du-revermont--a--saint-denis-les-bourg--01000--10343.html,https://www.auto-ecole.info/auto-ecole--ain--01.html
10342,CFSR SUZON,,0474217960,,chem Pré Joli,01000,SAINT DENIS LES BOURG,01,ain,46.202685,5.199254,,,https://www.auto-ecole.info/info-auto-ecole--cfsr-suzon--a--saint-denis-les-bourg--01000--10342.html,https://www.auto-ecole.info/auto-ecole--ain--01.html
32414,AUTO ECOLE BRESSE REVERMONT,,0469190703,0624251143,72 PLACE DE LA MAIRIE,01000,ST DENIS LES BOURG,01,ain,46.2023510,5.1899093,,Permis AAC | Permis Auto | Conduite supervisée,https://www.auto-ecole.info/info-auto-ecole--auto-ecole-bresse-revermont--a--saint-denis-les-bourg--01000--32414.html,https://www.auto-ecole.info/auto-ecole--ain--01.html
32147,CER La Croisee,cerlacroisee@orange.fr,0474066107,,91 Rue du Centre,01140,Saint Didier sur Chalaronne,01,ain,46.1775580,4.8168099,https://www.cer-la-croisee.com,Brevet de sécurité routière | Permis AAC | Permis Auto | Permis à 1€ par Jour | Permis à Point | CER | Code en ligne possible | Formation auto par stage possible | Conduite supervisée,https://www.auto-ecole.info/info-auto-ecole--cer-la-croisee--a--saint-didier-sur-chalaronne--01140--32147.html,https://www.auto-ecole.info/auto-ecole--ain--01.html
2058,AUTO ECOLE DES 3 MONTS,,0474305317,,645 rue Centrale,01370,SAINT ETIENNE DU BOIS,01,ain,46.2899728,5.2956947,,Permis AAC | Permis Auto | Conduite supervisée,https://www.auto-ecole.info/info-auto-ecole--auto-ecole-des-3-monts--a--saint-etienne-du-bois--01370--2058.html,https://www.auto-ecole.info/auto-ecole--ain--01.html
2008,AUTO-ECOLE JACQUET J.L.,,0450421011,,9 rue de Pouilly,01630,SAINT GENIS POUILLY,01,ain,46.2467601,6.0257911,,Permis Moto | Permis Moto A2,https://www.auto-ecole.info/info-auto-ecole--auto-ecole-jacquet-j-l--a--saint-genis-pouilly--01630--2008.html,https://www.auto-ecole.info/auto-ecole--ain--01.html
32415,ECOLE DE CONDUITE ODYSSEE,,0450421011,,293 AVENUE FRANCOIS MITERRAND,01630,ST GENIS POUILLY,01,ain,46.243610382080007,6.0211110115050994,,Brevet de sécurité routière | Permis AAC | Permis Auto | Permis Moto A2 | Permis Moto 125 | Conduite supervisée,https://www.auto-ecole.info/info-auto-ecole--ecole-de-conduite-odyssee--a--saint-genis-pouilly--01630--32415.html,https://www.auto-ecole.info/auto-ecole--ain--01.html
25963,AUTO ECOLE N RGY,,0631464575,0450402984,43 rue de Genève,01630,SAINT GENIS POUILLY,01,ain,46.2428577,6.0294133,,Brevet de sécurité routière | Permis AAC | Permis Auto | Permis Moto | Conduite supervisée,https://www.auto-ecole.info/info-auto-ecole--auto-ecole-n-rgy--a--saint-genis-pouilly--01630--25963.html,https://www.auto-ecole.info/auto-ecole--ain--01.html
32424,AUTO ECOLE MADELAINE S.A.R.L,,0450420242,,77 PLACE JEAN MONNET,01630,ST GENIS POUILLY,01,ain,46.243610382080007,6.0211110115050994,,Permis AAC | Permis Auto | Conduite supervisée,https://www.auto-ecole.info/info-auto-ecole--auto-ecole-madelaine-s-a-r-l--a--saint-genis-pouilly--01630--32424.html,https://www.auto-ecole.info/auto-ecole--ain--01.html
10195,Ecole de Conduite Francine / CER FRANCINE,autoecolefrancine@gmail.com,0474369656,,2 route de Bourg,01640,St JEAN LE VIEUX,01,ain,46.028851,5.389349,https://www.ecole-de-conduite-francine.com,"Brevet de sécurité routière | Permis AAC | Permis Auto | Permis Moto | Permis Moto A2 | Permis Moto 125 | Équivalence 125 (7h) | Permis à 1€ par Jour | Permis Remorque | Permis Remorque B96 | Permis à Point | Permis Bateau | ANPER | CER | Post permis, perfectionnement à la conduite | Éco Conduite | Code en ligne possible | Formation auto par stage possible | Formation moto par stage possible | Conduite supervisée | Conduite aménagée",https://www.auto-ecole.info/info-auto-ecole--ecole-de-conduite-francine-cer-francine--a--saint-jean-le-vieux--01640--10195.html,https://www.auto-ecole.info/auto-ecole--ain--01.html
2021,AUTO ECOLE MESTRE,,0385384011,,214 rue de la Levée,01750,SAINT LAURENT SUR SAONE,01,ain,46.3045068,4.8422865,,Permis AAC | Permis Auto | Permis Moto A2 | Permis Moto 125 | Conduite supervisée,https://www.auto-ecole.info/info-auto-ecole--auto-ecole-mestre--a--saint-laurent-sur-saone--01750--2021.html,https://www.auto-ecole.info/auto-ecole--ain--01.html
24134,ECOLE DE CONDUITE PORTE DE L AIN,,0981413696,,91 CITE DES FOLLIETS,01700,SAINT MAURICE DE BEYNOST,01,ain,45.832313,4.976422,,Permis AAC | Permis Auto | Conduite supervisée,https://www.auto-ecole.info/info-auto-ecole--ecole-de-conduite-porte-de-l-ain--a--saint-maurice-de-beynost--01700--24134.html,https://www.auto-ecole.info/auto-ecole--ain--01.html
2042,AUTO ECOLE RAMBERTOISE,,0474362071,,88 rue Docteur Temporal,01230,SAINT RAMBERT EN BUGEY,01,ain,45.9489558,5.4408652,,Permis AAC | Permis Auto | Conduite supervisée,https://www.auto-ecole.info/info-auto-ecole--auto-ecole-rambertoise--a--saint-rambert-en-bugey--01230--2042.html,https://www.auto-ecole.info/auto-ecole--ain--01.html
10434,Auto Ecole Formul'Ain,,0474307560,,Le Bourg,01560,SAINT TRIVIER DE COURTES,01,ain,46.45953,5.0999021,,,https://www.auto-ecole.info/info-auto-ecole--auto-ecole-formul-ain--a--saint-trivier-de-courtes--01560--10434.html,https://www.auto-ecole.info/auto-ecole--ain--01.html
39380,A Vous De Conduire,,0474364989,,827 Rue Claires Fontaines,01150,Saint-Vulbas,01,ain,45.8329701,5.2907194,,,https://www.auto-ecole.info/info-auto-ecole--a-vous-de-conduire--a--saint-vulbas--01150--39380.html,https://www.auto-ecole.info/auto-ecole--ain--01.html
2080,A VOUS DE CONDUIRE,,0474367576,,32 A GRANDE RUE,01470,SERRIERES DE BRIORD,01,ain,45.8081343,5.4533993,,Permis AAC | Permis Auto | Conduite supervisée,https://www.auto-ecole.info/info-auto-ecole--a-vous-de-conduire--a--serrieres-de-briord--01470--2080.html,https://www.auto-ecole.info/auto-ecole--ain--01.html
2024,AUTO ECOLE DES QUAIS,,0450590007,,11 quai Serullaz,01420,SEYSSEL,01,ain,45.9590053,5.8320224,,Brevet de sécurité routière | Permis AAC | Permis Auto | Permis Moto A2 | Permis Moto 125 | Permis Bateau | Conduite supervisée,https://www.auto-ecole.info/info-auto-ecole--auto-ecole-des-quais--a--seyssel--01420--2024.html,https://www.auto-ecole.info/auto-ecole--ain--01.html
2007,ECOLE DE CONDUITE DU PAYS DE GEX,,0450997769,0632283855,rue de Breu,01710,THOIRY,01,ain,46.2351106,5.980074100000024,,Permis AAC | Permis Auto | Code en ligne possible | Formation auto par stage possible | Conduite supervisée,https://www.auto-ecole.info/info-auto-ecole--ecole-de-conduite-du-pays-de-gex--a--thoiry--01710--2007.html,https://www.auto-ecole.info/auto-ecole--ain--01.html
10404,AUTO ECOLE DES 3 MONTS,,0474423653,,1 Pl. du Champ de Foire,01370,TREFFORT CUISIAT,01,ain,46.270825,5.3681340000001,,Permis AAC | Permis Auto | Conduite supervisée,https://www.auto-ecole.info/info-auto-ecole--auto-ecole-des-3-monts--a--treffort-cuisiat--01370--10404.html,https://www.auto-ecole.info/auto-ecole--ain--01.html
140,AUTO ECOLE TCM,,0474004862,0954240581,8 Grande Rue,01600,TREVOUX,01,ain,45.9405782,4.7760041,,"Permis AAC | Permis Auto | Permis Moto | Permis Moto A2 | Permis Moto 125 | Permis à 1€ par Jour | Permis à Point | ANPER | Post permis, perfectionnement à la conduite | Éco Conduite | Code en ligne possible | Formation auto par stage possible | Formation moto par stage possible | Conduite supervisée",https://www.auto-ecole.info/info-auto-ecole--auto-ecole-tcm--a--trevoux--01600--140.html,https://www.auto-ecole.info/auto-ecole--ain--01.html
2088,AUTO ECOLE SELECT,,0474000542,,5 rue de l'herberie,01600,TREVOUX,01,ain,45.9412019,4.7732421000001,,Permis AAC | Permis Auto | Conduite supervisée,https://www.auto-ecole.info/info-auto-ecole--auto-ecole-select--a--trevoux--01600--2088.html,https://www.auto-ecole.info/auto-ecole--ain--01.html
39332,ECOLE DE CONDUITE THOMASSON,,0474980067,,312 rue de l'agriculture,01330,Villars-les-Dombes,01,ain,46.00329379999999,5.0280499,,,https://www.auto-ecole.info/info-auto-ecole--ecole-de-conduite-thomasson--a--villars-les-dombes--01330--39332.html,https://www.auto-ecole.info/auto-ecole--ain--01.html
39462,Auto Ecole Des Lycées,,0474253860,,46 Rue Prosper Convert,01440,Viriat,01,ain,46.2523795,5.217588999999999,,,https://www.auto-ecole.info/info-auto-ecole--auto-ecole-des-lycees--a--viriat--01440--39462.html,https://www.auto-ecole.info/auto-ecole--ain--01.html
32430,STEPH 01 PERMIS,,,,116 RUE CHAYNES AIMABLE,01540,VONNAS,01,ain,46.219444274901996,4.9919438362121999,,Brevet de sécurité routière | Permis AAC | Permis Auto | Permis Moto A2 | Permis Moto 125 | Conduite supervisée,https://www.auto-ecole.info/info-auto-ecole--steph-01-permis--a--vonnas--01540--32430.html,https://www.auto-ecole.info/auto-ecole--ain--01.html
10433,La Passerelle,,0474502076,,7 r 19 Mars 1962,01540,VONNAS,01,ain,46.2187512,4.992524,,,https://www.auto-ecole.info/info-auto-ecole--la-passerelle--a--vonnas--01540--10433.html,https://www.auto-ecole.info/auto-ecole--ain--01.html
2110,AUTO ECOLE D ANIZY LE CHATEAU,,0323809077,0323792742,7 rue de Coucy,02320,ANIZY LE CHATEAU,02,aisne,49.5049299,3.4452109,,Brevet de sécurité routière | Permis AAC | Permis Auto | Permis Moto A2 | Permis Moto 125 | Conduite supervisée,https://www.auto-ecole.info/info-auto-ecole--auto-ecole-d-anizy-le-chateau--a--anizy-le-chateau--02320--2110.html,https://www.auto-ecole.info/auto-ecole--aisne--02.html
2132,ATHIES AUTO-ECOLE,,0323245121,,2 bis rue de Laon,02840,ATHIES SOUS LAON,02,aisne,49.5730539,3.6829226,,Permis AAC | Permis Auto | Conduite supervisée,https://www.auto-ecole.info/info-auto-ecole--athies-auto-ecole--a--athies-sous-laon--02840--2132.html,https://www.auto-ecole.info/auto-ecole--aisne--02.html
32553,AUTO ECOLE MC,,0323989709,,4 RUE DE LA GARE,02500,AUBENTON,02,aisne,49.838611602782997,4.2024998664855993,,Permis AAC | Permis Auto | Conduite supervisée,https://www.auto-ecole.info/info-auto-ecole--auto-ecole-mc--a--aubenton--02500--32553.html,https://www.auto-ecole.info/auto-ecole--aisne--02.html
10408,DRUGUET AUTO ECOLE,,0474551558,,285 Avenue Raymond-Sarbach,01400,CHÂTILLON SUR CHALARONNE,01,ain,46.1190095,4.9613988,,,https://www.auto-ecole.info/info-auto-ecole--druguet-auto-ecole--a--chatillon-sur-chalaronne--01400--10408.html,https://www.auto-ecole.info/auto-ecole--ain--01.html
32494,C.F.E.R,,0385315624,,RUE DE LA FARGE,01290,CORMORANCHE SUR SAONE,01,ain,46.240554809570007,4.8299999237061,,Permis AAC | Permis Auto | Formation BEPECASER | Conduite supervisée,https://www.auto-ecole.info/info-auto-ecole--c-f-e-r--a--cormoranche-sur-saone--01290--32494.html,https://www.auto-ecole.info/auto-ecole--ain--01.html
39463,Auto Ecole My Way,,0785963525,,1 Av. de la Gare,01350,Culoz-Béon,01,ain,45.8468457,5.7815151,,,https://www.auto-ecole.info/info-auto-ecole--auto-ecole-my-way--a--culoz--01350--39463.html,https://www.auto-ecole.info/auto-ecole--ain--01.html
10402,Auto Ecole Goud Serge,,0479871676,,pl Louis Mathieu,01350,CULOZ,01,ain,45.8479278,5.7810945,,,https://www.auto-ecole.info/info-auto-ecole--auto-ecole-goud-serge--a--culoz--01350--10402.html,https://www.auto-ecole.info/auto-ecole--ain--01.html
2072,ECOLE DE CONDUITE MICHAUD,,0479870779,,9 avenue J. Falconnier,01350,CULOZ,01,ain,45.8479102,5.7830299,,Permis AAC | Permis Auto | Conduite supervisée,https://www.auto-ecole.info/info-auto-ecole--ecole-de-conduite-michaud--a--culoz--01350--2072.html,https://www.auto-ecole.info/auto-ecole--ain--01.html
26987,CER CASNO,autoecolecasno@gmail.com,0478069879,,684 Route de Genève,01120,DAGNEUX,01,ain,45.8506867,5.07137,https://www.ecf.asso.fr/Auto-ecole/ECF-Magali/ECF-MAGALI-DAGNEUX,"Brevet de sécurité routière | Permis AAC | Permis Auto | Permis Moto | Permis Moto A2 | Permis Moto 125 | Équivalence 125 (7h) | Permis à 1€ par Jour | Permis Remorque | Permis Remorque B96 | ANPER | Post permis, perfectionnement à la conduite | Éco Conduite | Code en ligne possible | Formation moto par stage possible | Conduite supervisée | Conduite aménagée",https://www.auto-ecole.info/info-auto-ecole--cer-casno--a--dagneux--01120--26987.html,https://www.auto-ecole.info/auto-ecole--ain--01.html
2047,ECOLE DE CONDUITE AMOUDRUZ,,0450200222,,Place Perdtemps,01220,DIVONNE LES BAINS,01,ain,46.3567506,6.1447679,,Brevet de sécurité routière | Permis AAC | Permis Auto | Permis Moto A2 | Permis Moto 125 | Conduite supervisée,https://www.auto-ecole.info/info-auto-ecole--ecole-de-conduite-amoudruz--a--divonne-les-bains--01220--2047.html,https://www.auto-ecole.info/auto-ecole--ain--01.html
2025,AUTO ECOLE VOLTAIRE,,0450204282,,233 Grande Rue,01220,DIVONNE LES BAINS,01,ain,46.3562867,6.1416254000001,,,https://www.auto-ecole.info/info-auto-ecole--auto-ecole-voltaire--a--divonne-les-bains--01220--2025.html,https://www.auto-ecole.info/auto-ecole--ain--01.html
39464,Aj-Lity Auto École,,0981476162,,424 Grande Rue,01570,Feillens,01,ain,46.3325713,4.8874782,,,https://www.auto-ecole.info/info-auto-ecole--aj-lity-auto-ecole--a--feillens--01570--39464.html,https://www.auto-ecole.info/auto-ecole--ain--01.html
10436,Auto Ecole Mestre,,0385300834,,150 rte Bage,01570,FEILLENS,01,ain,46.3345167,4.8910399,,,https://www.auto-ecole.info/info-auto-ecole--auto-ecole-mestre--a--feillens--01570--10436.html,https://www.auto-ecole.info/auto-ecole--ain--01.html
2060,AUTO ECOLE DU LEVANT,,0646484682,0450405478,3 chemin des Fleurs,01210,FERNEY VOLTAIRE,01,ain,46.2603143,6.1159135,,Permis AAC | Permis Auto | Permis Moto A2 | Permis Moto 125 | Conduite supervisée,https://www.auto-ecole.info/info-auto-ecole--auto-ecole-du-levant--a--ferney-voltaire--01210--2060.html,https://www.auto-ecole.info/auto-ecole--ain--01.html
39729,Auto Ecole Ferney My-A,,0749623708,,10 Chem. du Mont Blanc,01210,Ferney-Voltaire,01,ain,46.2565580,6.111198099999999,,,https://www.auto-ecole.info/info-auto-ecole--auto-ecole-ferney-my-a--a--ferney-voltaire--01210--39729.html,https://www.auto-ecole.info/auto-ecole--ain--01.html
39731,Auto Ecole Ferney,,0450287534,,66 Rue de Meyrin,01210,Ferney-Voltaire,01,ain,46.2533535,6.1049725,,,https://www.auto-ecole.info/info-auto-ecole--auto-ecole-ferney--a--ferney-voltaire--01210--39731.html,https://www.auto-ecole.info/auto-ecole--ain--01.html
10381,Ecole de Conduite Centre Aumard,,0450285218,,26 Chem. des Mûriers,01210,FERNEY VOLTAIRE,01,ain,46.2584927,6.1112873,,Permis AAC | Permis Auto | Permis Moto | Permis Moto A2 | Permis Moto 125 | Conduite supervisée,https://www.auto-ecole.info/info-auto-ecole--ecole-de-conduite-centre-aumard--a--ferney-voltaire--01210--10381.html,https://www.auto-ecole.info/auto-ecole--ain--01.html
39730,Auto Ecole Kalyas,,0683886445,,45 Rue de Genève,01210,Ferney-Voltaire,01,ain,46.2538851,6.1141309,,,https://www.auto-ecole.info/info-auto-ecole--auto-ecole-kalyas--a--ferney-voltaire--01210--39730.html,https://www.auto-ecole.info/auto-ecole--ain--01.html
32515,FRANS 2 ROUES,,0660573999,0984342871,ZA DU PARDY,01480,FRANS,01,ain,45.991111755371001,4.7752780914307014,,Permis Moto A2 | Permis Moto 125,https://www.auto-ecole.info/info-auto-ecole--frans-2-roues--a--frans--01480--32515.html,https://www.auto-ecole.info/auto-ecole--ain--01.html
10369,Auto Ecole Jacquet,,0450423715,,46 r Lyon,01170,GEX,01,ain,46.3314968,6.0571725,,,https://www.auto-ecole.info/info-auto-ecole--auto-ecole-jacquet--a--gex--01170--10369.html,https://www.auto-ecole.info/auto-ecole--ain--01.html
10370,Auto Ecole Voltaire,,0450417797,,153 Rue Vertes Campagnes,01170,GEX,01,ain,46.3260099,6.049456,,Permis AAC | Permis Auto | Conduite supervisée,https://www.auto-ecole.info/info-auto-ecole--auto-ecole-voltaire--a--gex--01170--10370.html,https://www.auto-ecole.info/auto-ecole--ain--01.html
39465,Mehdi Moto Ecole,,0975591932,,41 Rue de Domparon,01170,Gex,01,ain,46.3292075,6.055648199999999,,,https://www.auto-ecole.info/info-auto-ecole--mehdi-moto-ecole--a--gex--01170--39465.html,https://www.auto-ecole.info/auto-ecole--ain--01.html
25965,ECOLE DE CONDUITE DU PAYS DE GEX,,0450990804,,22 rue des Terreaux,01170,GEX,01,ain,46.3319610,6.0576591,,Brevet de sécurité routière | Permis AAC | Permis Auto | Permis Moto | Permis Moto A2 | Permis Moto 125 | Permis Remorque | Permis Remorque B96 | Conduite supervisée,https://www.auto-ecole.info/info-auto-ecole--ecole-de-conduite-du-pays-de-gex--a--gex--01170--25965.html,https://www.auto-ecole.info/auto-ecole--ain--01.html
2010,AUTO-ECOLE ST JACQUES,,0474352699,,Rue Joseph Vialaz,01110,HAUTEVILLE LOMPNES,01,ain,45.9769859,5.6017849,,Permis AAC | Permis Auto | Conduite supervisée,https://www.auto-ecole.info/info-auto-ecole--auto-ecole-st-jacques--a--hauteville-lompnes--01110--2010.html,https://www.auto-ecole.info/auto-ecole--ain--01.html
32432,AUTO ECOLE GONTHIER,,,,AVENUE DE LYON,01110,HAUTEVILLE LOMPNES,01,ain,45.979167938231996,5.6052780151367001,,Permis AAC | Permis Auto | Conduite supervisée,https://www.auto-ecole.info/info-auto-ecole--auto-ecole-gonthier--a--hauteville-lompnes--01110--32432.html,https://www.auto-ecole.info/auto-ecole--ain--01.html
39466,Plateau Conduite,,0634089030,,8 Av. de Lyon,01110,Plateau d'Hauteville,01,ain,45.9768357,5.600146,,,https://www.auto-ecole.info/info-auto-ecole--plateau-conduite--a--hauteville-lompnes--01110--39466.html,https://www.auto-ecole.info/auto-ecole--ain--01.html
32458,AUTO ECOLE IZERNORE,,0469203172,,502 GRANDE RUE,01580,IZERNORE,01,ain,46.220279693603999,5.5530557632446005,,Permis AAC | Permis Auto | Conduite supervisée,https://www.auto-ecole.info/info-auto-ecole--auto-ecole-izernore--a--izernore--01580--32458.html,https://www.auto-ecole.info/auto-ecole--ain--01.html
2019,AUTO ECOLE 2020,,0474608359,,1218 rue E. Herriot,01480,JASSANS RIOTTIER,01,ain,45.9833263,4.7567681,,Permis AAC | Permis Auto | Conduite supervisée,https://www.auto-ecole.info/info-auto-ecole--auto-ecole-2020--a--jassans-riottier--01480--2019.html,https://www.auto-ecole.info/auto-ecole--ain--01.html
32501,AUTO ECOLE MONTMERLE 3 RIVIERES,,0608817505,,42 RUE LEON MARIE FOURNET,01480,JASSANS RIOTTIER,01,ain,45.985000610351996,4.75861120224,,Permis AAC | Permis Auto | Conduite supervisée,https://www.auto-ecole.info/info-auto-ecole--auto-ecole-montmerle-3-rivieres--a--jassans-riottier--01480--32501.html,https://www.auto-ecole.info/auto-ecole--ain--01.html
27980,AUTO ECOLE A6 PERMIS,,0474364830,,36 RUE DES ECOLES,01150,LAGNIEU,01,ain,45.903057098388999,5.3477778434752992,,,https://www.auto-ecole.info/info-auto-ecole--auto-ecole-a6-permis--a--lagnieu--01150--27980.html,https://www.auto-ecole.info/auto-ecole--ain--01.html
10197,Ecole de Conduite Francine / CER DE LA PLAINE DE L'AIN,autoecolefrancine@gmail.com,0474358900,,54 route du Port,01150,LAGNIEU,01,ain,45.9000863,5.3474168,https://www.ecole-de-conduite-francine.com,"Brevet de sécurité routière | Permis AAC | Permis Auto | Permis Moto | Permis Moto A2 | Permis Moto 125 | Équivalence 125 (7h) | Permis à 1€ par Jour | Permis Remorque | Permis Remorque B96 | Permis à Point | Permis Bateau | ANPER | CER | Post permis, perfectionnement à la conduite | Éco Conduite | Code en ligne possible | Formation auto par stage possible | Formation moto par stage possible | Conduite supervisée | Conduite aménagée",https://www.auto-ecole.info/info-auto-ecole--ecole-de-conduite-francine-cer-de-la-plaine-de-l-ain--a--lagnieu--01150--10197.html,https://www.auto-ecole.info/auto-ecole--ain--01.html
224,AUTO ECOLE EYMARD,,0474348295,0677957743,8 PLACE DE LA LIBERTE,01150,LAGNIEU,01,ain,45.9023569,5.3474734,,"Brevet de sécurité routière | Permis AAC | Permis Auto | Permis Moto | Permis Moto A2 | Permis Moto 125 | Équivalence 125 (7h) | Permis à 1€ par Jour | Permis Remorque | Permis Remorque B96 | Permis à Point | Permis Camion | Permis Bateau | Post permis, perfectionnement à la conduite | Code en ligne possible | Conduite supervisée | Conduite aménagée",https://www.auto-ecole.info/info-auto-ecole--auto-ecole-eymard--a--lagnieu--01150--224.html,https://www.auto-ecole.info/auto-ecole--ain--01.html
10435,Auto Ecole Mestre,,0385301033,,1294 Grande Route,01570,MANZIAT,01,ain,46.3395921,4.892769,,,https://www.auto-ecole.info/info-auto-ecole--auto-ecole-mestre--a--manziat--01570--10435.html,https://www.auto-ecole.info/auto-ecole--ain--01.html
2086,AUTO-ECOLE PATOU,,0474510266,,Route de Louhans,01851,MARBOZ,01,ain,46.342014,5.2565059999999,,,https://www.auto-ecole.info/info-auto-ecole--auto-ecole-patou--a--marboz--01851--2086.html,https://www.auto-ecole.info/auto-ecole--ain--01.html
10545,Auto Ecole Phenix,aephenixmeximieux@hotmail.com,0474460369,0685883627,8 rue Ban Thévenin,01800,MEXIMIEUX,01,ain,45.9050667,5.1962746,,Brevet de sécurité routière | Permis AAC | Permis Auto | Permis Moto | Permis Moto A2 | Permis Moto 125 | Équivalence 125 (7h) | Permis à 1€ par Jour | Permis Remorque | Permis Remorque B96 | Éco Conduite | Code en ligne possible | Formation moto par stage possible | Conduite supervisée,https://www.auto-ecole.info/info-auto-ecole--auto-ecole-phenix--a--meximieux--01800--10545.html,https://www.auto-ecole.info/auto-ecole--ain--01.html
2076,E.C.F. MAGALI,,0474612660,,36 avenue Dr Berthier,01800,MEXIMIEUX,01,ain,45.905088,5.195594,,Permis AAC | Permis Auto | Permis Moto | Équivalence 125 (7h) | Permis à 1€ par Jour | Éco Conduite | Code en ligne possible | Conduite supervisée | Conduite aménagée,https://www.auto-ecole.info/info-auto-ecole--e-c-f-magali--a--meximieux--01800--2076.html,https://www.auto-ecole.info/auto-ecole--ain--01.html
2067,AUTO ECOLE CER de L horloge,,0474460292,,6 place du Lieutenant Giraud,01800,MEXIMIEUX,01,ain,45.9043126,5.1932597,,CER,https://www.auto-ecole.info/info-auto-ecole--auto-ecole-cer-de-l-horloge--a--meximieux--01800--2067.html,https://www.auto-ecole.info/auto-ecole--ain--01.html
32482,AUTO ECOLE ATTITUDE,,0983806417,,210 GRANDE RUE,01660,MEZERIAT,01,ain,46.23416519165,5.0477781295776003,,Permis AAC | Permis Auto | Conduite supervisée,https://www.auto-ecole.info/info-auto-ecole--auto-ecole-attitude--a--mezeriat--01660--32482.html,https://www.auto-ecole.info/auto-ecole--ain--01.html
2089,AUTO ECOLE JANY,,0683387834,,178 GRANDE RUE,01660,MEZERIAT,01,ain,46.2345001,5.047815,,,https://www.auto-ecole.info/info-auto-ecole--auto-ecole-jany--a--mezeriat--01660--2089.html,https://www.auto-ecole.info/auto-ecole--ain--01.html
32508,AUTO ECOLE GRAND LARGE,,0478974465,0478556083,1311 GRANDE RUE,01700,MIRIBEL,01,ain,45.825832366943004,4.9544439315796005,,Permis AAC | Permis Auto | Conduite supervisée,https://www.auto-ecole.info/info-auto-ecole--auto-ecole-grand-large--a--miribel--01700--32508.html,https://www.auto-ecole.info/auto-ecole--ain--01.html
32466,MIRIBEL AVENUE,,0478553254,,1186 GRANDE RUE,01700,MIRIBEL,01,ain,45.825832366943004,4.9544439315796005,,Permis AAC | Permis Auto | Permis Moto A2 | Permis Moto 125 | Conduite supervisée,https://www.auto-ecole.info/info-auto-ecole--miribel-avenue--a--miribel--01700--32466.html,https://www.auto-ecole.info/auto-ecole--ain--01.html
10386,Auto Ecole du Castellet,,0970352089,,"6, Chemin De La Zone Artisanale De Saint Amouze",01250,MONTAGNAT,01,ain,46.1742017,5.2669581,,Permis AAC | Permis Auto | Permis Remorque | Permis Remorque B96 | Conduite supervisée,https://www.auto-ecole.info/info-auto-ecole--auto-ecole-du-castellet--a--montagnat--01250--10386.html,https://www.auto-ecole.info/auto-ecole--ain--01.html
37498,AUTO ECOLE CHANTALE,,0427441896,,,01390,MONTHIEUX,01,ain,45.955001831055,4.9402780532837012,,,https://www.auto-ecole.info/info-auto-ecole--auto-ecole-chantale--a--monthieux--01390--37498.html,https://www.auto-ecole.info/auto-ecole--ain--01.html
10359,Auto-Ecole Les Remparts,,0478061347,,50 Grande Rue,01120,MONTLUEL,01,ain,45.8519132,5.0585011000001,,Permis AAC | Permis Auto | Conduite supervisée,https://www.auto-ecole.info/info-auto-ecole--auto-ecole-les-remparts--a--montluel--01120--10359.html,https://www.auto-ecole.info/auto-ecole--ain--01.html
32452,AUTO MOTO ECOLE ASPHALTE,,0481110300,,12 FAUBOURG DE LYON,01120,MONTLUEL,01,ain,45.851943969726989,5.0577778816223002,,Brevet de sécurité routière | Permis AAC | Permis Auto | Permis Moto A2 | Permis Moto 125 | Conduite supervisée,https://www.auto-ecole.info/info-auto-ecole--auto-moto-ecole-asphalte--a--montluel--01120--32452.html,https://www.auto-ecole.info/auto-ecole--ain--01.html
2001,AUTO-ECOLE LA COTIERE,,0478063633,,31 pl Carnot,01120,MONTLUEL,01,ain,45.8516636,5.0566533,,Permis AAC | Permis Auto | Conduite supervisée,https://www.auto-ecole.info/info-auto-ecole--auto-ecole-la-cotiere--a--montluel--01120--2001.html,https://www.auto-ecole.info/auto-ecole--ain--01.html
2059,AUTO-ECOLE TCM,,0474693972,,14 rue de Macon,01090,MONTMERLE SUR SAONE,01,ain,46.081212,4.7572957,,"Brevet de sécurité routière | Permis AAC | Permis Auto | Permis Moto | Permis Moto A2 | Permis Moto 125 | Permis à 1€ par Jour | Permis Remorque | Permis à Point | ANPER | Post permis, perfectionnement à la conduite | Éco Conduite | Code en ligne possible | Formation auto par stage possible | Formation moto par stage possible",https://www.auto-ecole.info/info-auto-ecole--auto-ecole-tcm--a--montmerle-sur-saone--01090--2059.html,https://www.auto-ecole.info/auto-ecole--ain--01.html
26862,AUTO ECOLE MONTERLE 3 RIVIERES,,0954340997,,52 rue de Lyon,01090,MONTERLE SUR SAONE,01,ain,46.0795655,4.7589433000001,,Brevet de sécurité routière | Permis AAC | Permis Auto | Permis Moto A2 | Permis Moto 125 | Permis à 1€ par Jour | Permis Bateau | Code en ligne possible | Conduite supervisée,https://www.auto-ecole.info/info-auto-ecole--auto-ecole-monterle-3-rivieres--a--montmerle-sur-saone--01090--26862.html,https://www.auto-ecole.info/auto-ecole--ain--01.html
10414,AUTO ECOLE DE LA CLUSE,,0469206237,0611374786,85 RUE DU JURA,01460,MONTREAL LA CLUSE,01,ain,46.1714132,5.5769127,,Permis AAC | Permis Auto | Conduite supervisée,https://www.auto-ecole.info/info-auto-ecole--auto-ecole-de-la-cluse--a--montreal-la-cluse--01460--10414.html,https://www.auto-ecole.info/auto-ecole--ain--01.html
2004,AUTO-ECOLE PATRICIA,,0469206237,,71 rue du Jura,01460,MONTREAL LA CLUSE,01,ain,46.171813,5.5771293,,Permis AAC | Permis Auto | Conduite supervisée,https://www.auto-ecole.info/info-auto-ecole--auto-ecole-patricia--a--montreal-la-cluse--01460--2004.html,https://www.auto-ecole.info/auto-ecole--ain--01.html
2014,AUTO-ECOLE ESPACE,,0474308140,0618071532,325 IMPASSE DES TREIZE VENTS,01340,MONTREVEL EN BRESSE,01,ain,46.337407,5.130528,,Brevet de sécurité routière | Permis AAC | Permis Auto | Conduite supervisée,https://www.auto-ecole.info/info-auto-ecole--auto-ecole-espace--a--montrevel-en-bresse--01340--2014.html,https://www.auto-ecole.info/auto-ecole--ain--01.html
24113,AUTO ECOLE DU CENTRE,,0474308108,,3 rue Tortipieds,01340,MONTREVEL EN BRESSE,01,ain,46.3375214,5.1289678000001,,Brevet de sécurité routière | Permis AAC | Permis Auto | Permis Moto | Permis Moto A2 | Permis Moto 125 | Permis Remorque | Permis Remorque B96 | Conduite supervisée,https://www.auto-ecole.info/info-auto-ecole--auto-ecole-du-centre--a--montrevel-en-bresse--01340--24113.html,https://www.auto-ecole.info/auto-ecole--ain--01.html
10399,Auto Ecole du Centre,,0474308108,,Place Poste,01340,MONTREVEL EN BRESSE,01,ain,46.337407,5.130528,,,https://www.auto-ecole.info/info-auto-ecole--auto-ecole-du-centre--a--montrevel-en-bresse--01340--10399.html,https://www.auto-ecole.info/auto-ecole--ain--01.html
39335,Auto École de la Gare,autoecoledelagare01@orange.fr,0474219348,,9 avenue Pierre Sémard,01000,Bourg-en-Bresse,01,ain,46.2006153,5.2155767,https://www.auto-ecole-de-la-gare.com,Permis AAC | Permis Auto | Code en ligne possible | Conduite supervisée,https://www.auto-ecole.info/info-auto-ecole--auto-ecole-de-la-gare--a--bourg-en-bresse--01000--39335.html,https://www.auto-ecole.info/auto-ecole--ain--01.html
2056,AUTO ECOLE DU BUGEY,,0474340996,,85 rue Aristide Briand,01500,AMBERIEU EN BUGEY,01,ain,45.958044,5.3521362,,,https://www.auto-ecole.info/info-auto-ecole--auto-ecole-du-bugey--a--amberieu-en-bugey--01500--2056.html,https://www.auto-ecole.info/auto-ecole--ain--01.html
32413,ECOLE DE CONDUITE ADL,,0474362725,,1 AVENUE LEON BLUM,01500,AMBERIEU EN BUGEY,01,ain,45.956111907959006,5.3488888740539995,,Permis AAC | Permis Auto | Conduite supervisée,https://www.auto-ecole.info/info-auto-ecole--ecole-de-conduite-adl--a--amberieu-en-bugey--01500--32413.html,https://www.auto-ecole.info/auto-ecole--ain--01.html
2030,AUTO ECOLE 1500,,0474386385,,56 avenue Roger Salengro,01500,AMBERIEU EN BUGEY,01,ain,45.9552574,5.3448248,,,https://www.auto-ecole.info/info-auto-ecole--auto-ecole-1500--a--amberieu-en-bugey--01500--2030.html,https://www.auto-ecole.info/auto-ecole--ain--01.html
10420,ECF AMBERIEU,,0437610716,,"101, Rue Alexandre Bérard",01500,AMBÉRIEU EN BUGEY,01,ain,45.9649353,5.3554974,,Permis AAC | Permis Auto | Conduite supervisée,https://www.auto-ecole.info/info-auto-ecole--ecf-amberieu--a--amberieu-en-bugey--01500--10420.html,https://www.auto-ecole.info/auto-ecole--ain--01.html
10427,AUTO ECOLE A VOUS DE CONDUIRE,,0474374964,,8 AVENUE DU GENERAL SARRAIL,01500,AMBERIEU EN BUGEY,01,ain,45.9544438,5.3419277,,Permis AAC | Permis Auto | Conduite supervisée,https://www.auto-ecole.info/info-auto-ecole--auto-ecole-a-vous-de-conduire--a--amberieu-en-bugey--01500--10427.html,https://www.auto-ecole.info/auto-ecole--ain--01.html
2061,AUTO ECOLE DOMINIQUE,,0474346437,,2 avenue Roger Salengro,01500,AMBERIEU EN BUGEY,01,ain,45.9579413,5.3500845999999,,Permis Moto | Permis Moto A2,https://www.auto-ecole.info/info-auto-ecole--auto-ecole-dominique--a--amberieu-en-bugey--01500--2061.html,https://www.auto-ecole.info/auto-ecole--ain--01.html
10422,Auto Moto Ecole Cer L'ain,,0961420196,0474340375,19 Les Arcades,01500,AMBERIEU EN BUGEY,01,ain,45.958436,5.359556,,,https://www.auto-ecole.info/info-auto-ecole--auto-moto-ecole-cer-l-ain--a--amberieu-en-bugey--01500--10422.html,https://www.auto-ecole.info/auto-ecole--ain--01.html
39468,Ecole de Conduite du Lycée,,0474362725,,45 Av. Léon Blum,01500,Ambérieu-en-Bugey,01,ain,45.9599821,5.3476341,,,https://www.auto-ecole.info/info-auto-ecole--ecole-de-conduite-du-lycee--a--amberieu-en-bugey--01500--39468.html,https://www.auto-ecole.info/auto-ecole--ain--01.html
188,CER de l'Ain,autoecolefrancine@gmail.com,0474340375,0687842351,Avenue Général de Gaulle,01500,AMBERIEU EN BUGEY,01,ain,45.9577810,5.3588286,https://www.ecole-de-conduite-francine.com,"Brevet de sécurité routière | Permis AAC | Permis Auto | Permis Moto | Permis Moto A2 | Permis Moto 125 | Équivalence 125 (7h) | Permis à 1€ par Jour | Permis Remorque | Permis Remorque B96 | Permis à Point | Permis Bateau | ANPER | CER | Post permis, perfectionnement à la conduite | Éco Conduite | Code en ligne possible | Formation auto par stage possible | Formation moto par stage possible | Conduite supervisée | Conduite aménagée",https://www.auto-ecole.info/info-auto-ecole--cer-de-l-ain--a--amberieu-en-bugey--01500--188.html,https://www.auto-ecole.info/auto-ecole--ain--01.html
2070,Ecole de Conduite ADL,,0474390389,,13 Rue du 1er Septembre 1944,01160,AMBERIEUX EN BUGEY,01,ain,,,,"Permis AAC | Permis Auto | Permis à 1€ par Jour | ANPER | Post permis, perfectionnement à la conduite | Éco Conduite | Conduite supervisée",https://www.auto-ecole.info/info-auto-ecole--ecole-de-conduite-adl--a--amberieux-en-bugey--01160--2070.html,https://www.auto-ecole.info/auto-ecole--ain--01.html
32496,AUTO ECOLE VIRAGE PERMIS,,0951576219,,289 Route du 3 Septembre 1944,01330,AMBERIEUX EN DOMBES,01,ain,45.9989077,4.898318499999999,,Permis AAC | Permis Auto | Conduite supervisée,https://www.auto-ecole.info/info-auto-ecole--auto-ecole-virage-permis--a--amberieux-en-dombes--01330--32496.html,https://www.auto-ecole.info/auto-ecole--ain--01.html
32459,ECOLE DE CONDUITE VIP,,0474008581,,224 RUE GOMBETTE,01330,AMBERIEUX EN DOMBES,01,ain,45.996112823486008,4.9041671752930007,,Permis AAC | Permis Auto | Conduite supervisée,https://www.auto-ecole.info/info-auto-ecole--ecole-de-conduite-vip--a--amberieux-en-dombes--01330--32459.html,https://www.auto-ecole.info/auto-ecole--ain--01.html
10418,Auto Ecole Chantale Plus,,0474002079,,295 r Jean Marie Vianney,01480,ARS SUR FORMANS,01,ain,45.9935764,4.8214065,,Permis AAC | Permis Auto | Permis Remorque | Permis Remorque B96 | Conduite supervisée,https://www.auto-ecole.info/info-auto-ecole--auto-ecole-chantale-plus--a--ars-sur-formans--01480--10418.html,https://www.auto-ecole.info/auto-ecole--ain--01.html
10429,Auto Ecole Bas-bugey,,0479873686,,4 r Neuve,01510,ARTEMARE,01,ain,45.8740171,5.693096,,,https://www.auto-ecole.info/info-auto-ecole--auto-ecole-bas-bugey--a--artemare--01510--10429.html,https://www.auto-ecole.info/auto-ecole--ain--01.html
2013,AUTO-ECOLE FORMUL'AIN,,0474259218,,494 Grande Rue,01340,ATTIGNAT,01,ain,46.2877974,5.1591263,,,https://www.auto-ecole.info/info-auto-ecole--auto-ecole-formul-ain--a--attignat--01340--2013.html,https://www.auto-ecole.info/auto-ecole--ain--01.html
10405,AJ LITY AUTO ECOLE,,0385305034,,96 r Marsale,01380,BAGE LE CHATEL,01,ain,46.3085092,4.9300003,,Permis AAC | Permis Auto | Conduite supervisée,https://www.auto-ecole.info/info-auto-ecole--aj-lity-auto-ecole--a--bage-le-chatel--01380--10405.html,https://www.auto-ecole.info/auto-ecole--ain--01.html
10419,AUTO ECOLE C'PERMIS,,0474609932,,r Hector Berlioz,01480,BEAUREGARD,01,ain,46.0005481,4.7510746,,Permis AAC | Permis Auto | Conduite supervisée,https://www.auto-ecole.info/info-auto-ecole--auto-ecole-c-permis--a--beauregard--01480--10419.html,https://www.auto-ecole.info/auto-ecole--ain--01.html
39467,Auto Ecole De La Valbonne,,,,393 Rte de Genève,01360,Béligneux,01,ain,45.8519248,5.1274104,,,https://www.auto-ecole.info/info-auto-ecole--auto-ecole-de-la-valbonne--a--beligneux--01360--39467.html,https://www.auto-ecole.info/auto-ecole--ain--01.html
10375,Moto Ecole De La Valserine,,0457051038,0951046481,39 Rue Lafayette,01200,BELLEGARDE SUR VALSERINE,01,ain,46.1079455,5.8237320000001,,,https://www.auto-ecole.info/info-auto-ecole--moto-ecole-de-la-valserine--a--bellegarde-sur-valserine--01200--10375.html,https://www.auto-ecole.info/auto-ecole--ain--01.html
2045,AUTO-ECOLE CATIN MICHEL,,0450483031,,181 ROUTE DE VOUVRAY,01200,Valserhône,01,ain,46.1068859,5.8183713999999,,Permis AAC | Permis Auto | Conduite supervisée,https://www.auto-ecole.info/info-auto-ecole--auto-ecole-catin-michel--a--bellegarde-sur-valserine--01200--2045.html,https://www.auto-ecole.info/auto-ecole--ain--01.html
24107,Auto-école C.BRUN,,0479810009,,23 rue St Jean,01300,BELLEY,01,ain,45.7587599,5.6893096,,,https://www.auto-ecole.info/info-auto-ecole--auto-ecole-c-brun--a--belley--01300--24107.html,https://www.auto-ecole.info/auto-ecole--ain--01.html
2064,AUTO ECOLE E-CAR,,0479812379,,32 rue de la République,01300,BELLEY,01,ain,45.7588437,5.6861848,,Brevet de sécurité routière | Permis AAC | Permis Auto | Permis à 1€ par Jour | Conduite supervisée,https://www.auto-ecole.info/info-auto-ecole--auto-ecole-e-car--a--belley--01300--2064.html,https://www.auto-ecole.info/auto-ecole--ain--01.html
2074,AUTO ECOLE DU BAS BUGEY,,0479814690,,14 rue Georges Girerd,01300,BELLEY,01,ain,45.7605805,5.6853415,,Brevet de sécurité routière | Permis AAC | Permis Auto | Permis Moto A2 | Permis Moto 125 | Conduite supervisée,https://www.auto-ecole.info/info-auto-ecole--auto-ecole-du-bas-bugey--a--belley--01300--2074.html,https://www.auto-ecole.info/auto-ecole--ain--01.html
37472,AUTO ECOLE CER 3D,auto-ecole3d-belley@orange.fr,0479812596,,46 BOULEVARD DU MAIL,01300,BELLEY,01,ain,45.7598186,5.6896017,https://www.autoecole3d.fr,"Brevet de sécurité routière | Permis AAC | Permis Auto | Permis Moto | Permis Moto A2 | Permis Moto 125 | Équivalence 125 (7h) | Permis à 1€ par Jour | Permis Remorque | Permis Remorque B96 | Permis Bateau | CER | Post permis, perfectionnement à la conduite | Code en ligne possible | Conduite supervisée",https://www.auto-ecole.info/info-auto-ecole--auto-ecole-cer-3d--a--belley--01300--37472.html,https://www.auto-ecole.info/auto-ecole--ain--01.html
32417,CHRIS CONDUITE,,0457290448,,18 BOULEVARD DU MAIL,01300,BELLEY,01,ain,45.759166717529006,5.6891670227051003,,Brevet de sécurité routière | Permis AAC | Permis Auto | Permis Moto A2 | Permis Moto 125 | Conduite supervisée,https://www.auto-ecole.info/info-auto-ecole--chris-conduite--a--belley--01300--32417.html,https://www.auto-ecole.info/auto-ecole--ain--01.html
2033,AUTO ECOLE DE LA PASSERELLE,,0474219864,,27 avenue Jean Jaurès,01000,BOURG EN BRESSE,01,ain,46.2000469,5.2184697,,,https://www.auto-ecole.info/info-auto-ecole--auto-ecole-de-la-passerelle--a--bourg-en-bresse--01000--2033.html,https://www.auto-ecole.info/auto-ecole--ain--01.html
27970,AUTO ECOLE POLYTECHNIQUE,,,,8 RUE DU 4 SEPTEMBRE,01000,BOURG EN BRESSE,01,ain,46.205276489257997,5.2263889312743999,,,https://www.auto-ecole.info/info-auto-ecole--auto-ecole-polytechnique--a--bourg-en-bresse--01000--27970.html,https://www.auto-ecole.info/auto-ecole--ain--01.html
2077,EUROP AUTO ECOLE,,0474252364,,3 rue de la République,01000,BOURG EN BRESSE,01,ain,46.2034549,5.226903,,Brevet de sécurité routière | Permis AAC | Permis Auto | Conduite supervisée,https://www.auto-ecole.info/info-auto-ecole--europ-auto-ecole--a--bourg-en-bresse--01000--2077.html,https://www.auto-ecole.info/auto-ecole--ain--01.html
27869,AUTO ECOLE FUN CONDUITE,,,,9 PLACE EDGARD QUINET,01000,BOURG EN BRESSE,01,ain,46.205276489257997,5.2263889312743999,,,https://www.auto-ecole.info/info-auto-ecole--auto-ecole-fun-conduite--a--bourg-en-bresse--01000--27869.html,https://www.auto-ecole.info/auto-ecole--ain--01.html
2053,AUTO ECOLE LA BRUYERE,,0474231258,,56 rue Charles Robin,01000,BOURG EN BRESSE,01,ain,46.2059051,5.2335089000001,,Brevet de sécurité routière | Permis AAC | Permis Auto | Permis Moto A2 | Permis Moto 125 | Conduite supervisée,https://www.auto-ecole.info/info-auto-ecole--auto-ecole-la-bruyere--a--bourg-en-bresse--01000--2053.html,https://www.auto-ecole.info/auto-ecole--ain--01.html
2022,Auto Ecole Suzon,,0474222399,,2 rue du Lycée,01000,BOURG EN BRESSE,01,ain,46.2006096,5.2259984,,Permis AAC | Permis Auto | Permis Bateau | Conduite supervisée,https://www.auto-ecole.info/info-auto-ecole--auto-ecole-suzon--a--bourg-en-bresse--01000--2022.html,https://www.auto-ecole.info/auto-ecole--ain--01.html
2046,AUTO ECOLE TCM,,0474222201,,16 rue du 4 Septembre,01000,BOURG EN BRESSE,01,ain,46.20626,5.2290659,,"Brevet de sécurité routière | Permis AAC | Permis Auto | Permis Moto | Permis Moto A2 | Permis Moto 125 | Permis à 1€ par Jour | Permis Remorque | Permis à Point | ANPER | Post permis, perfectionnement à la conduite | Éco Conduite | Code en ligne possible | Formation auto par stage possible | Formation moto par stage possible",https://www.auto-ecole.info/info-auto-ecole--auto-ecole-tcm--a--bourg-en-bresse--01000--2046.html,https://www.auto-ecole.info/auto-ecole--ain--01.html
2071,AUTO-ECOLE ALPHA,,0474451116,,12 rue du Lycée,01000,BOURG EN BRESSE,01,ain,46.2003671,5.2260155,,Permis AAC | Permis Auto | Conduite supervisée,https://www.auto-ecole.info/info-auto-ecole--auto-ecole-alpha--a--bourg-en-bresse--01000--2071.html,https://www.auto-ecole.info/auto-ecole--ain--01.html
10330,ECF CARRIAT,,0474223299,,11 Place Carriat,01000,BOURG EN BRESSE,01,ain,46.2073732,5.2256459,,Permis AAC | Permis Auto | Permis Moto | Permis Moto A2 | Permis Moto 125 | Équivalence 125 (7h) | Permis à 1€ par Jour | Permis Remorque | Permis Remorque B96 | Éco Conduite | Code en ligne possible | Conduite supervisée | Conduite aménagée,https://www.auto-ecole.info/info-auto-ecole--ecf-carriat--a--bourg-en-bresse--01000--10330.html,https://www.auto-ecole.info/auto-ecole--ain--01.html
2079,AUTO ECOLE DES VENNES,,0474210986,,35 rue Montesquieu,01000,BOURG EN BRESSE,01,ain,46.187815,5.2294128,,Permis AAC | Permis Auto | Conduite supervisée,https://www.auto-ecole.info/info-auto-ecole--auto-ecole-des-vennes--a--bourg-en-bresse--01000--2079.html,https://www.auto-ecole.info/auto-ecole--ain--01.html
2011,Pro Conduite,,0474215579,0615769471,13 Av. Alphonse Baudin,01000,BOURG EN BRESSE,01,ain,46.2007171,5.2185333,,,https://www.auto-ecole.info/info-auto-ecole--pro-conduite--a--bourg-en-bresse--01000--2011.html,https://www.auto-ecole.info/auto-ecole--ain--01.html
32435,AFTRAL,,,,21 AVENUE ARSENE D ARSONVAL,01000,BOURG EN BRESSE,01,ain,46.205276489257997,5.2263889312743999,,Permis AAC | Permis Auto | Conduite supervisée,https://www.auto-ecole.info/info-auto-ecole--aftral--a--bourg-en-bresse--01000--32435.html,https://www.auto-ecole.info/auto-ecole--ain--01.html
10335,Auto-Ecole Patou,,0474450055,,35 Bd Victor Hugo,01000,BOURG EN BRESSE,01,ain,46.2016691,5.2303299,,,https://www.auto-ecole.info/info-auto-ecole--auto-ecole-patou--a--bourg-en-bresse--01000--10335.html,https://www.auto-ecole.info/auto-ecole--ain--01.html
10339,Auto Ecole des Lycées,,0474223473,,6 Rue Lycée,01000,BOURG EN BRESSE,01,ain,46.2004778,5.2260143999999,,Permis AAC | Permis Auto | Conduite supervisée,https://www.auto-ecole.info/info-auto-ecole--auto-ecole-des-lycees--a--bourg-en-bresse--01000--10339.html,https://www.auto-ecole.info/auto-ecole--ain--01.html
2029,Ecole de conduite Polytechnique,,0980516010,,47 rue Charles Robin,01000,BOURG EN BRESSE,01,ain,46.2058767,5.2321696,,Permis AAC | Permis Auto | Conduite supervisée,https://www.auto-ecole.info/info-auto-ecole--ecole-de-conduite-polytechnique--a--bourg-en-bresse--01000--2029.html,https://www.auto-ecole.info/auto-ecole--ain--01.html
37493,AUTO-ECOLE 6EME AVENUE,,0474524746,,2 Rue Gustave Doré,01000,BOURG EN BRESSE,01,ain,46.2033993,5.225169999999999,,,https://www.auto-ecole.info/info-auto-ecole--auto-ecole-6eme-avenue--a--bourg-en-bresse--01000--37493.html,https://www.auto-ecole.info/auto-ecole--ain--01.html
13008,Auto Ecole Pilote,,0615967298,,"152, Chemin Neuf",01310,Buellas,01,ain,46.1968617,5.1579098,,,https://www.auto-ecole.info/info-auto-ecole--auto-ecole-pilote--a--buellas--01310--13008.html,https://www.auto-ecole.info/auto-ecole--ain--01.html
10387,Auto-Ecole Feillens,,0474300774,,7 av Revermont,01250,CEYZERIAT,01,ain,46.179357,5.3207231,,,https://www.auto-ecole.info/info-auto-ecole--auto-ecole-feillens--a--ceyzeriat--01250--10387.html,https://www.auto-ecole.info/auto-ecole--ain--01.html
10196,Ecole de Conduite Francine - CER DES DOMBES,autoecolefrancine@gmail.com,0474469498,,"PLACE DU MARCHE, 2 Rte de Meximieux",01320,CHALAMONT,01,ain,45.996888,5.171142,https://www.ecole-de-conduite-francine.com,"Brevet de sécurité routière | Permis AAC | Permis Auto | Permis Moto | Permis Moto A2 | Permis Moto 125 | Équivalence 125 (7h) | Permis à 1€ par Jour | Permis Remorque | Permis Remorque B96 | Permis à Point | Permis Bateau | ANPER | CER | Post permis, perfectionnement à la conduite | Éco Conduite | Code en ligne possible | Formation auto par stage possible | Formation moto par stage possible | Conduite supervisée | Conduite aménagée",https://www.auto-ecole.info/info-auto-ecole--ecole-de-conduite-francine-cer-des-dombes--a--chalamont--01320--10196.html,https://www.auto-ecole.info/auto-ecole--ain--01.html
10014,AUTO ECOLE TCM,,0474679690,0951381380,222 Rte de Fareins,01480,CHALEINS,01,ain,46.0300410,4.8012907,,"Brevet de sécurité routière | Permis AAC | Permis Auto | Permis Moto | Permis Moto A2 | Permis Moto 125 | Permis à 1€ par Jour | Permis Remorque | Permis à Point | ANPER | Post permis, perfectionnement à la conduite | Éco Conduite | Code en ligne possible | Formation auto par stage possible | Formation moto par stage possible",https://www.auto-ecole.info/info-auto-ecole--auto-ecole-tcm--a--chaleins--01480--10014.html,https://www.auto-ecole.info/auto-ecole--ain--01.html
32422,AUTO ECOLE HELENA,,0966838070,,629 RUE AIME BONNEVILLE,01200,CHATILLON EN MICHAILLE,01,ain,46.14444351196299,5.7975001335146006,,Permis AAC | Permis Auto | Conduite supervisée,https://www.auto-ecole.info/info-auto-ecole--auto-ecole-helena--a--chatillon-en-michaille--01200--32422.html,https://www.auto-ecole.info/auto-ecole--ain--01.html
32453,AUTO ECOLE HELENA 01,,0967042055,,5 AV MARECHAL DE LATTRE DE TASSIGNY,01200,Valserhône,01,ain,46.1252541,5.8115052,,Permis AAC | Permis Auto | Conduite supervisée,https://www.auto-ecole.info/info-auto-ecole--auto-ecole-helena-01--a--chatillon-en-michaille--01200--32453.html,https://www.auto-ecole.info/auto-ecole--ain--01.html
32516,AUTO MOTO ECOLE IKRAM,,0450480614,,26 B AVENUE MARECHAL LECLERC,01200,CHATILLON EN MICHAILLE,01,ain,46.1162142,5.808659899999999,,Permis AAC | Permis Auto | Conduite supervisée,https://www.auto-ecole.info/info-auto-ecole--auto-moto-ecole-ikram--a--chatillon-en-michaille--01200--32516.html,https://www.auto-ecole.info/auto-ecole--ain--01.html
10407,Auto Ecole Anne Rollet,,0629562289,,102 r Alphonse Baudin,01400,CHATILLON SUR CHALARONNE,01,ain,46.1194782,4.9573312,,Permis AAC | Permis Auto | Conduite supervisée,https://www.auto-ecole.info/info-auto-ecole--auto-ecole-anne-rollet--a--chatillon-sur-chalaronne--01400--10407.html,https://www.auto-ecole.info/auto-ecole--ain--01.html
