nom,categorie,adresse,telephone_principal,telephones,email_principal,emails_trouves,site_web,nationalite,date_creation,dirigeant,nombre_employes,description_listing,description,listing_page,listing_page_url,detail_url,status_scrape
36h-Immo,Logiciels de transaction,"36h-immo est une plateforme de ventes interactives immobilières proposant une offre complète pour générer des leads vendeurs, planifier les visites des biens et gérer au mieux le processus de vente.",,,baptiste.duny@36h-immo.com,baptiste.duny@36h-immo.com,https://36h-immo.com/,,,,,"Vendez votre bien immobilier en moins d’un mois grâce aux ventes interactives en ligne. Profitez d’enchères attractives, captez plus d’acquéreurs et concluez rapidement. Solution idéale pour dynamiser le marché et ajuster les prix",Pour les acheteurs : le processus d’achat est simple et ludique. C’est eux qui fixent le prix en fonction de leur budget. La décote significative de la 1ère offre peut créer des conditions favorables pour l’acquisition de biens à des prix compétitifs. A l’issue de la vente il dispose d’un droit de rétractation classique.,1,https://www.immomatin.com/annuaires/1.html,https://www.immomatin.com/annuaires/logiciels/36h-immo.html,ok
Bazzile,Méta-moteurs,"Bazzile est une application de recherche immobilière regroupant des annonces en Suisse et en France, à la location et à l’achat, provenant exclusivement de professionnels de l’immobilier.",,,bazzile@bazzile.com,bazzile@bazzile.com,https://www.bazzile.com,"Suisse Dirigeant : Quentin Epiney Utilisateurs : + 40 000 Données clés Clients : 450 Nationalité : Suisse Dirigeant : Quentin Epiney Utilisateurs : + 40 000 3 questions à Bazzile Think Cities 20204 - KEYNOTE - Nouveaux usages : comment améliorer la rencontre entre l’offre et la demande immobilière ? Pourquoi choisir Bazzile ? L’intelligence artificielle (IA) et le machine learning sont intégrés dans la technologie de Bazzile pour améliorer automatiquement la qualité des annonces immobilières sans nécessiter d’action supplémentaire. Les algorithmes d’IA et de machine learning optimisent continuellement les annonces en fonction des comportements et des préférences des utilisateurs, garantissant ainsi des résultats plus pertinents et précis. Les leads générés par Bazzile sont qualifiés grâce à la vérification des coordonnées des utilisateurs. Lors de l’inscription sur le portail et l’application mobile, les utilisateurs fournissent leur numéro de téléphone et leur adresse email, qui sont ensuite vérifiés pour garantir l’exactitude des informations. Cette vérification assure que les leads sont fiables et de haute qualité. La plateforme Bazzile se concentre sur l’autonomisation des annonceurs immobiliers en les mettant au cœur de l’expérience. En offrant une connexion efficace en un clic à leurs progiciels, une tarification compétitive et des canaux de communication réactifs, Bazzile permet aux annonceurs de définir et de gérer leur stratégie de diffusion d’annonces de manière indépendante, en comparaison avec les portails immobiliers traditionnels. Bazzile se positionne ainsi comme un partenaire stratégique essentiel pour les professionnels du secteur immobilier. Bazzile propose une solution innovante pour les utilisateurs cherchant un bien immobilier sans restriction géographique. L’application se distingue par sa fluidité de recherche et l’utilisation du swipe, inspirée des sites de rencontre et des réseaux sociaux. Grâce à l’intelligence artificielle (IA), la recherche est optimisée par l’analyse du comportement de l’utilisateur, permettant de proposer des annonces adaptées à ses besoins. Pour les professionnels, les leads générés par l’application sont vérifiés et certifiés, assurant l’exactitude des coordonnées de l’utilisateur. Bazzile se positionne également comme une plateforme de génération de leads immobiliers, spécialement conçue pour les professionnels du secteur. La solution, développée par des experts, offre un avantage compétitif significatif. Pourquoi choisir Bazzile ? L’intelligence artificielle (IA) et le machine learning sont intégrés dans la technologie de Bazzile pour améliorer automatiquement la qualité des annonces immobilières sans nécessiter d’action supplémentaire. Les algorithmes d’IA et de machine learning optimisent continuellement les annonces en fonction des comportements et des préférences des utilisateurs, garantissant ainsi des résultats plus pertinents et précis. Les leads générés par Bazzile sont qualifiés grâce à la vérification des coordonnées des utilisateurs. Lors de l’inscription sur le portail et l’application mobile, les utilisateurs fournissent leur numéro de téléphone et leur adresse email, qui sont ensuite vérifiés pour garantir l’exactitude des informations. Cette vérification assure que les leads sont fiables et de haute qualité. La plateforme Bazzile se concentre sur l’autonomisation des annonceurs immobiliers en les mettant au cœur de l’expérience. En offrant une connexion efficace en un clic à leurs progiciels, une tarification compétitive et des canaux de communication réactifs, Bazzile permet aux annonceurs de définir et de gérer leur stratégie de diffusion d’annonces de manière indépendante, en comparaison avec les portails immobiliers traditionnels. Bazzile se positionne ainsi comme un partenaire stratégique essentiel pour les professionnels du secteur immobilier. Bazzile propose une solution innovante pour les utilisateurs cherchant un bien immobilier sans restriction géographique. L’application se distingue par sa fluidité de recherche et l’utilisation du swipe, inspirée des sites de rencontre et des réseaux sociaux. Grâce à l’intelligence artificielle (IA), la recherche est optimisée par l’analyse du comportement de l’utilisateur, permettant de proposer des annonces adaptées à ses besoins. Pour les professionnels, les leads générés par l’application sont vérifiés et certifiés, assurant l’exactitude des coordonnées de l’utilisateur. Bazzile se positionne également comme une plateforme de génération de leads immobiliers, spécialement conçue pour les professionnels du secteur. La solution, développée par des experts, offre un avantage compétitif significatif. Contacter l'entreprise Je souhaite: Être contacté par e-mail Être contacté par téléphone Fixer un rendez-vous Envoyer Envoyé Contacter l'entreprise Je souhaite: Être contacté par e-mail Être contacté par téléphone Fixer un rendez-vous Envoyer Envoyé Bazzile est une application de recherche immobilière regroupant des annonces en Suisse et en France, à la location et à l’achat, provenant exclusivement de professionnels de l’immobilier. partagez",,,,"Bazzile, une application de recherche d’annonces immobilières pour les utilisateurs et une plateforme immobilière génératrice de lead, à un prix imbattable, pensé par des professionnels et pour les annonceurs.","Bazzile est une application de recherche immobilière regroupant des annonces en Suisse et en France, à la location et à l’achat, provenant exclusivement de professionnels de l’immobilier.",1,https://www.immomatin.com/annuaires/1.html,https://www.immomatin.com/annuaires/portails/bazzile.html,ok
Bien’ici,Portails de petites annonces,"Bien’ici est aujourd’hui le 3ème site d’annonces immobilières le plus consulté en France (source : Mediametrie NetRatings - Mai 2021). Né de la volonté de la Profession de s’unir pour maîtriser les coûts de diffusion, Bien’ici propose une gamme complète de solutions digitales à des tarifs très concurrentiels. Le site maximise la visibilité de vos offres et génère des contacts très qualifiés. Avec son expérience unique, Bien’ici séduit les internautes : le site provoque des rencontres autour de projets immobiliers entre particuliers et professionnels en offrant une expérience simplifiée, immersive et personnalisée qui permet aux utilisateurs de se projeter dans leur futur environnement.",,,agences@bienici.com,agences@bienici.com,https://www.bienici.com/,"Française Données clés Dirigeant : Cyril Janin Pays couverts : 1 Création : 2015 Nationalité : Française Coordonnées 43-47 Avenue de la Grande Armée, 75016 Paris, France {""types"": [""premise""], ""geometry"": {""bounds"": {""east"": 2.2890242, ""west"": 2.2884158, ""north"": 48.87549740000001, ""south"": 48.8750462}, ""location"": {""lat"": 48.8753213, ""lng"": 2.2886469}, ""viewport"": {""east"": 2.290068980291502, ""west"": 2.287371019708498, ""north"": 48.8766207802915, ""south"": 48.8739228197085}, ""location_type"": ""ROOFTOP""}, ""place_id"": ""ChIJqUwRjPJv5kcRwRm928kCtQo"", ""formatted_address"": ""43-47 Avenue de la Grande Armée, 75016 Paris, France"", ""address_components"": [{""types"": [""street_number""], ""long_name"": ""43-47"", ""short_name"": ""43-47""}, {""types"": [""route""], ""long_name"": ""Avenue de la Grande Armée"", ""short_name"": ""Avenue de la Grande Armée""}, {""types"": [""locality"", ""political""], ""long_name"": ""Paris"", ""short_name"": ""Paris""}, {""types"": [""administrative_area_level_2"", ""political""], ""long_name"": ""Département de Paris"", ""short_name"": ""Département de Paris""}, {""types"": [""administrative_area_level_1"", ""political""], ""long_name"": ""Île-de-France"", ""short_name"": ""IDF""}, {""types"": [""country"", ""political""], ""long_name"": ""France"", ""short_name"": ""FR""}, {""types"": [""postal_code""], ""long_name"": ""75016"", ""short_name"": ""75016""}]} Coordonnées 43-47 Avenue de la Grande Armée, 75016 Paris, France {""types"": [""premise""], ""geometry"": {""bounds"": {""east"": 2.2890242, ""west"": 2.2884158, ""north"": 48.87549740000001, ""south"": 48.8750462}, ""location"": {""lat"": 48.8753213, ""lng"": 2.2886469}, ""viewport"": {""east"": 2.290068980291502, ""west"": 2.287371019708498, ""north"": 48.8766207802915, ""south"": 48.8739228197085}, ""location_type"": ""ROOFTOP""}, ""place_id"": ""ChIJqUwRjPJv5kcRwRm928kCtQo"", ""formatted_address"": ""43-47 Avenue de la Grande Armée, 75016 Paris, France"", ""address_components"": [{""types"": [""street_number""], ""long_name"": ""43-47"", ""short_name"": ""43-47""}, {""types"": [""route""], ""long_name"": ""Avenue de la Grande Armée"", ""short_name"": ""Avenue de la Grande Armée""}, {""types"": [""locality"", ""political""], ""long_name"": ""Paris"", ""short_name"": ""Paris""}, {""types"": [""administrative_area_level_2"", ""political""], ""long_name"": ""Département de Paris"", ""short_name"": ""Département de Paris""}, {""types"": [""administrative_area_level_1"", ""political""], ""long_name"": ""Île-de-France"", ""short_name"": ""IDF""}, {""types"": [""country"", ""political""], ""long_name"": ""France"", ""short_name"": ""FR""}, {""types"": [""postal_code""], ""long_name"": ""75016"", ""short_name"": ""75016""}]} Découvrez le nouveau spot TV de Bien'ici ! Actus Bien’ici - © D.R. Bien’ici mise sur une force de vente ambitieuse et mobilisée Plus de 5 années après son lancement, le portail des professionnels créé par des professionnels de… Bien’Ici - © D.R. Bien’ici enregistre une hausse de 55 % de ses visiteurs uniques en janvier Après une année 2020 marquée par des records d’audience, Bien’ici a redémarré l’année 2021 sur les… David Benbassat, directeur général de Bien’Ici - © D.R. Bien’Ici réalise une importante levée de fonds 23 millions d’euros : c’est la somme que viennent d’investir dans le portail Bien’Ici ses près de… Actus Bien’ici - © D.R. Bien’ici mise sur une force de vente ambitieuse et mobilisée Plus de 5 années après son lancement, le portail des professionnels créé par des professionnels de… Bien’Ici - © D.R. Bien’ici enregistre une hausse de 55 % de ses visiteurs uniques en janvier Après une année 2020 marquée par des records d’audience, Bien’ici a redémarré l’année 2021 sur les… David Benbassat, directeur général de Bien’Ici - © D.R. Bien’Ici réalise une importante levée de fonds 23 millions d’euros : c’est la somme que viennent d’investir dans le portail Bien’Ici ses près de… Bien’ici est aujourd’hui le 3ème site d’annonces immobilières le plus consulté en France (source : Mediametrie NetRatings - Mai 2021). Né de la volonté de la Profession de s’unir pour maîtriser les coûts de diffusion, Bien’ici propose une gamme complète de solutions digitales à des tarifs très concurrentiels. Le site maximise la visibilité de vos offres et génère des contacts très qualifiés. Avec son expérience unique, Bien’ici séduit les internautes : le site provoque des rencontres autour de projets immobiliers entre particuliers et professionnels en offrant une expérience simplifiée, immersive et personnalisée qui permet aux utilisateurs de se projeter dans leur futur environnement. partagez",,,,"Bien’ici provoque les rencontres autour de projets immobiliers entre particuliers et professionnels en offrant une expérience simplifiée, immersive et personnalisée qui permet","Bien’ici est aujourd’hui le 3ème site d’annonces immobilières le plus consulté en France (source : Mediametrie NetRatings - Mai 2021). Né de la volonté de la Profession de s’unir pour maîtriser les coûts de diffusion, Bien’ici propose une gamme complète de solutions digitales à des tarifs très concurrentiels. Le site maximise la visibilité de vos offres et génère des contacts très qualifiés. Avec son expérience unique, Bien’ici séduit les internautes : le site provoque des rencontres autour de projets immobiliers entre particuliers et professionnels en offrant une expérience simplifiée, immersive et personnalisée qui permet aux utilisateurs de se projeter dans leur futur environnement.",1,https://www.immomatin.com/annuaires/1.html,https://www.immomatin.com/annuaires/portails/bien-ici.html,ok
EtreProprio,Portails de petites annonces,"2480 L’Occitane, 31670 Labège, France Tél : 05 32 80 00 94",05 32 80 00 94,05 32 80 00 94,agences@etreproprio.com,agences@etreproprio.com,https://www.etreproprio.com,Française,2008,Philippe Bernou Nombre de salariés : CONTACT,,EtreProprio est une marketplace spécialisée en transaction dans l’ancien et réservée aux professionnels de l’immobilier sur la diffusion. Notre ambition : rendre la recherche immobilière plus agréable pour le futur acquéreur.,"EtreProprio enregistre une forte croissance, avec plus de 16500 agences en ligne et 9 milions de visite en 2023. Grâce à plus de 2000 partenaires locaux (diagnostiqueurs, courtier en assurances, artisans, déménageurs…) qui communiquent sur le site, nous offrons l’entière gratuité de diffusion des annonces aux professionnels de l’immobilier. Notre équipe toulousaine, composée d’une quarantaine de passionnés, réussit à rassembler chaque jour plus de partenaires et d’agences afin de répondre aux besoins des futurs propriétaires. EtreProprio.com : le portail Simple, Rapide, et Efficace ! Etreproprio Etreproprio Données clés Dirigeant : Philippe Bernou Création : 2008",1,https://www.immomatin.com/annuaires/1.html,https://www.immomatin.com/annuaires/portails/etreproprio.html,ok
Figaro Immo,Portails de petites annonces,"Figaro Immobilier propose le meilleur de l’immobilier sur Internet et sur mobile pour tout internaute à la recherche d’un logement à louer, acheter ou vendre. Figaro Immobilier rassemble plus de 750 000 annonces immobilières dans l’ancien, le neuf, le prestige, en vente, en location, sur tout le territoire. Outre les annonces, les internautes trouvent également sur Figaro Immobilier un ensemble de conseils et d’informations lié à l’habitat en général, ainsi que des services pratiques (solutions de financement, assurance, etc.).",,,,,https://figaroimmopro.fr/nos-marques/figaro-immo/,"Française Dirigeant : Thibaut GEMIGNANI Données clés Création : 2000 Nationalité : Française Dirigeant : Thibaut GEMIGNANI Adresse 101 Rue de l'Abbé Groult, 75015 Paris, France {""types"": [""street_address""], ""geometry"": {""location"": {""lat"": 48.8377502, ""lng"": 2.2998217}, ""viewport"": {""east"": 2.301170680291502, ""west"": 2.298472719708498, ""north"": 48.83909918029149, ""south"": 48.8364012197085}, ""location_type"": ""ROOFTOP""}, ""place_id"": ""ChIJtVWIkT9w5kcRcfJyfRObdpc"", ""plus_code"": {""global_code"": ""8FW4R7QX+4W"", ""compound_code"": ""R7QX+4W Paris, France""}, ""formatted_address"": ""101 Rue de l'Abbé Groult, 75015 Paris, France"", ""address_components"": [{""types"": [""street_number""], ""long_name"": ""101"", ""short_name"": ""101""}, {""types"": [""route""], ""long_name"": ""Rue de l'Abbé Groult"", ""short_name"": ""Rue de l'Abbé Groult""}, {""types"": [""locality"", ""political""], ""long_name"": ""Paris"", ""short_name"": ""Paris""}, {""types"": [""administrative_area_level_2"", ""political""], ""long_name"": ""Département de Paris"", ""short_name"": ""Département de Paris""}, {""types"": [""administrative_area_level_1"", ""political""], ""long_name"": ""Île-de-France"", ""short_name"": ""IDF""}, {""types"": [""country"", ""political""], ""long_name"": ""France"", ""short_name"": ""FR""}, {""types"": [""postal_code""], ""long_name"": ""75015"", ""short_name"": ""75015""}]} Adresse 101 Rue de l'Abbé Groult, 75015 Paris, France {""types"": [""street_address""], ""geometry"": {""location"": {""lat"": 48.8377502, ""lng"": 2.2998217}, ""viewport"": {""east"": 2.301170680291502, ""west"": 2.298472719708498, ""north"": 48.83909918029149, ""south"": 48.8364012197085}, ""location_type"": ""ROOFTOP""}, ""place_id"": ""ChIJtVWIkT9w5kcRcfJyfRObdpc"", ""plus_code"": {""global_code"": ""8FW4R7QX+4W"", ""compound_code"": ""R7QX+4W Paris, France""}, ""formatted_address"": ""101 Rue de l'Abbé Groult, 75015 Paris, France"", ""address_components"": [{""types"": [""street_number""], ""long_name"": ""101"", ""short_name"": ""101""}, {""types"": [""route""], ""long_name"": ""Rue de l'Abbé Groult"", ""short_name"": ""Rue de l'Abbé Groult""}, {""types"": [""locality"", ""political""], ""long_name"": ""Paris"", ""short_name"": ""Paris""}, {""types"": [""administrative_area_level_2"", ""political""], ""long_name"": ""Département de Paris"", ""short_name"": ""Département de Paris""}, {""types"": [""administrative_area_level_1"", ""political""], ""long_name"": ""Île-de-France"", ""short_name"": ""IDF""}, {""types"": [""country"", ""political""], ""long_name"": ""France"", ""short_name"": ""FR""}, {""types"": [""postal_code""], ""long_name"": ""75015"", ""short_name"": ""75015""}]} Figaro Immobilier Figaro Immobilier Présentation de Figaro Immobilier Actus Figaro - © D.R. L’immobilier de luxe toujours au beau fixe Malgré la crise sanitaire, le marché de l’immobilier de prestige se montre toujours très actif… Propriétés Le Figaro - © D.R. Immobilier de prestige : quelles nouvelles attentes des Français ? Le portail d’annonces haut de gamme Propriétés Le Figaro a mené, en mai et juin 2020, une enquête… Figaro Immo Pro - © D.R. Figaro Immo Pro, la marque de tous les projets immobiliers Quel que soit votre enjeu, Figaro Immo Pro a forcément une marque pour y répondre ! Grâce à la… Actus Figaro - © D.R. L’immobilier de luxe toujours au beau fixe Malgré la crise sanitaire, le marché de l’immobilier de prestige se montre toujours très actif… Propriétés Le Figaro - © D.R. Immobilier de prestige : quelles nouvelles attentes des Français ? Le portail d’annonces haut de gamme Propriétés Le Figaro a mené, en mai et juin 2020, une enquête… Figaro Immo Pro - © D.R. Figaro Immo Pro, la marque de tous les projets immobiliers Quel que soit votre enjeu, Figaro Immo Pro a forcément une marque pour y répondre ! Grâce à la… L’immobilier fait partie de l’ADN de notre Groupe Le Figaro publie des petites annonces immobilières depuis 1875 ! Confiance et qualité sont les piliers de nos offres et de nos services. Mises en relation, conseils d’experts, analyses de prix, enquêtes, nous aidons futur propriétaire ou locataire à réussir chaque étape de leur projet immobilier en s’appuyant sur nos marques Figaro Immobilier, Propriétés Le Figaro, Achat-terrain, et 3D Immo. L’immobilier fait partie de l’ADN de notre Groupe Le Figaro publie des petites annonces immobilières depuis 1875 ! Confiance et qualité sont les piliers de nos offres et de nos services. Mises en relation, conseils d’experts, analyses de prix, enquêtes, nous aidons futur propriétaire ou locataire à réussir chaque étape de leur projet immobilier en s’appuyant sur nos marques Figaro Immobilier, Propriétés Le Figaro, Achat-terrain, et 3D Immo. Figaro Figaro Figaro Immobilier propose le meilleur de l’immobilier sur Internet et sur mobile pour tout internaute à la recherche d’un logement à louer, acheter ou vendre. Figaro Immobilier rassemble plus de 750 000 annonces immobilières dans l’ancien, le neuf, le prestige, en vente, en location, sur tout le territoire. Outre les annonces, les internautes trouvent également sur Figaro Immobilier un ensemble de conseils et d’informations lié à l’habitat en général, ainsi que des services pratiques (solutions de financement, assurance, etc.). partagez",,,,"Figaro Immo site des professionnels de l’immobilier dédié aux particuliers ou professionnels pour acheter, vendre ou louer dans toute la France.","Figaro Immobilier propose le meilleur de l’immobilier sur Internet et sur mobile pour tout internaute à la recherche d’un logement à louer, acheter ou vendre. Figaro Immobilier rassemble plus de 750 000 annonces immobilières dans l’ancien, le neuf, le prestige, en vente, en location, sur tout le territoire. Outre les annonces, les internautes trouvent également sur Figaro Immobilier un ensemble de conseils et d’informations lié à l’habitat en général, ainsi que des services pratiques (solutions de financement, assurance, etc.).",1,https://www.immomatin.com/annuaires/1.html,https://www.immomatin.com/annuaires/portails/figaro-immo.html,ok
GERERSEUL,Logiciels de gestion,"31 rue de Navarin, 75009 Paris",09.63.66.17.53,09.63.66.17.53,assistance@gererseul.com,assistance@gererseul.com,https://gererseul.com,,,,,"Gererseul.com pour simplifier la gestion locative avec des outils dédiés pour propriétaires et pros de l’immobilier. Automatisez baux, paiements, impôts, et plus.","Avec ses outils performants et économiques, Gererseul.com répond aux besoins des particuliers et des professionnels, pour une gestion locative simplifiée et rentable.",1,https://www.immomatin.com/annuaires/1.html,https://www.immomatin.com/annuaires/logiciels/gererseul-com.html,ok
Green-acres.com,Portails de petites annonces | Sites internationaux,"Green-Acres : Le site leader pour les acheteurs Européens en quête d’un bien immobilier en France ou à l’international. Capitalisant sur 3 millions de visites/mois, plus de 9 000 annonceurs, agents immobiliers et particuliers, proposent leurs propriétés à vendre dans toute l’Europe sur le site. Grâce à Green-Acres , ils bénéficient de contacts qualifiés qu’ils n’auraient pu atteindre et gagnent des mandats exclusifs en multidiffusant les offres sur tous les continents. Nous proposons une offre à la performance révolutionnaire sans engagement, vous ne payez que les contacts uniques que vous recevez ! Pas de contact ? Zéro dépense !",,,sales@green-acres.com,sales@green-acres.com,https://www.green-acres.fr?promotionalCode=immomatin20,"Française Création : 2004 Données clés Pays couverts : 18 Dirigeant : Benoît Galy Nationalité : Française Création : 2004 Adresse 100 Boulevard du Montparnasse, 75014 Paris, France {""types"": [""street_address""], ""geometry"": {""location"": {""lat"": 48.8422548, ""lng"": 2.3282539}, ""viewport"": {""east"": 2.329602880291502, ""west"": 2.326904919708498, ""north"": 48.8436037802915, ""south"": 48.8409058197085}, ""location_type"": ""ROOFTOP""}, ""place_id"": ""ChIJk_YSxM5x5kcRhlt7QREMyLg"", ""plus_code"": {""global_code"": ""8FW4R8RH+W8"", ""compound_code"": ""R8RH+W8 Paris, France""}, ""formatted_address"": ""100 Boulevard du Montparnasse, 75014 Paris, France"", ""address_components"": [{""types"": [""street_number""], ""long_name"": ""100"", ""short_name"": ""100""}, {""types"": [""route""], ""long_name"": ""Boulevard du Montparnasse"", ""short_name"": ""Boulevard du Montparnasse""}, {""types"": [""locality"", ""political""], ""long_name"": ""Paris"", ""short_name"": ""Paris""}, {""types"": [""administrative_area_level_2"", ""political""], ""long_name"": ""Arrondissement de Paris"", ""short_name"": ""Arrondissement de Paris""}, {""types"": [""administrative_area_level_1"", ""political""], ""long_name"": ""Île-de-France"", ""short_name"": ""IDF""}, {""types"": [""country"", ""political""], ""long_name"": ""France"", ""short_name"": ""FR""}, {""types"": [""postal_code""], ""long_name"": ""75014"", ""short_name"": ""75014""}]} Adresse 100 Boulevard du Montparnasse, 75014 Paris, France {""types"": [""street_address""], ""geometry"": {""location"": {""lat"": 48.8422548, ""lng"": 2.3282539}, ""viewport"": {""east"": 2.329602880291502, ""west"": 2.326904919708498, ""north"": 48.8436037802915, ""south"": 48.8409058197085}, ""location_type"": ""ROOFTOP""}, ""place_id"": ""ChIJk_YSxM5x5kcRhlt7QREMyLg"", ""plus_code"": {""global_code"": ""8FW4R8RH+W8"", ""compound_code"": ""R8RH+W8 Paris, France""}, ""formatted_address"": ""100 Boulevard du Montparnasse, 75014 Paris, France"", ""address_components"": [{""types"": [""street_number""], ""long_name"": ""100"", ""short_name"": ""100""}, {""types"": [""route""], ""long_name"": ""Boulevard du Montparnasse"", ""short_name"": ""Boulevard du Montparnasse""}, {""types"": [""locality"", ""political""], ""long_name"": ""Paris"", ""short_name"": ""Paris""}, {""types"": [""administrative_area_level_2"", ""political""], ""long_name"": ""Arrondissement de Paris"", ""short_name"": ""Arrondissement de Paris""}, {""types"": [""administrative_area_level_1"", ""political""], ""long_name"": ""Île-de-France"", ""short_name"": ""IDF""}, {""types"": [""country"", ""political""], ""long_name"": ""France"", ""short_name"": ""FR""}, {""types"": [""postal_code""], ""long_name"": ""75014"", ""short_name"": ""75014""}]} Au coeur de Green Acres Une question ? Une question ? Contactez nos conseillers par mail : sales@green-acres.com. Le",,,,Le site leader pour les acheteurs Européens en quête d’un bien immobilier en France ou à l’international.,Vous souhaitez publier votre bien sur notre site ? - Professionnels de l’immobilier : Bénéficiez d’un essai gratuit de 10 contacts - Vendeurs particuliers : Inscrivez vous dès maintenant,1,https://www.immomatin.com/annuaires/1.html,https://www.immomatin.com/annuaires/portails/green-acres-com.html,ok
La Boîte Immo,Logiciels de multi-diffusion | Logiciels de transaction | Sites pour les professionnels | Web agency immo,"« La Boîte Immo, agence webmarketing spécialisée dans les métiers de l’immobilier a été créée en 2009. Editeur du logiciel immobilier Hektor, la société se hisse rapidement parmi les leaders du secteur. Aujourd’hui, Hektor est le logiciel N°1 à équiper les agences immobilières indépendantes.",,,contact@la-boite-immo.com,contact@la-boite-immo.com,https://www.la-boite-immo.com/,"Française Clients : 6500 Pays couverts : 13 Données clés Dirigeant : Olivier Bugette Création : 2009 CA : 12 091 000 € Nationalité : Française Clients : 6500 Pays couverts : 13 La Boîte Immo 57 Chemin de la Maunière, 83400 Hyères, France {""types"": [""street_address""], ""geometry"": {""location"": {""lat"": 43.1095922, ""lng"": 6.1112598}, ""viewport"": {""east"": 6.112608780291502, ""west"": 6.109910819708498, ""north"": 43.1109411802915, ""south"": 43.10824321970851}, ""location_type"": ""ROOFTOP""}, ""place_id"": ""ChIJCe_WRrUjyRIRl_QBmW4RiJ0"", ""plus_code"": {""global_code"": ""8FM84456+RG"", ""compound_code"": ""4456+RG Hyères, France""}, ""formatted_address"": ""57 Chemin de la Maunière, 83400 Hyères, France"", ""address_components"": [{""types"": [""street_number""], ""long_name"": ""57"", ""short_name"": ""57""}, {""types"": [""route""], ""long_name"": ""Chemin de la Maunière"", ""short_name"": ""Chemin de la Maunière""}, {""types"": [""locality"", ""political""], ""long_name"": ""Hyères"", ""short_name"": ""Hyères""}, {""types"": [""administrative_area_level_2"", ""political""], ""long_name"": ""Var"", ""short_name"": ""Var""}, {""types"": [""administrative_area_level_1"", ""political""], ""long_name"": ""Provence-Alpes-Côte d'Azur"", ""short_name"": ""Provence-Alpes-Côte d'Azur""}, {""types"": [""country"", ""political""], ""long_name"": ""France"", ""short_name"": ""FR""}, {""types"": [""postal_code""], ""long_name"": ""83400"", ""short_name"": ""83400""}]} La Boîte Immo 57 Chemin de la Maunière, 83400 Hyères, France {""types"": [""street_address""], ""geometry"": {""location"": {""lat"": 43.1095922, ""lng"": 6.1112598}, ""viewport"": {""east"": 6.112608780291502, ""west"": 6.109910819708498, ""north"": 43.1109411802915, ""south"": 43.10824321970851}, ""location_type"": ""ROOFTOP""}, ""place_id"": ""ChIJCe_WRrUjyRIRl_QBmW4RiJ0"", ""plus_code"": {""global_code"": ""8FM84456+RG"", ""compound_code"": ""4456+RG Hyères, France""}, ""formatted_address"": ""57 Chemin de la Maunière, 83400 Hyères, France"", ""address_components"": [{""types"": [""street_number""], ""long_name"": ""57"", ""short_name"": ""57""}, {""types"": [""route""], ""long_name"": ""Chemin de la Maunière"", ""short_name"": ""Chemin de la Maunière""}, {""types"": [""locality"", ""political""], ""long_name"": ""Hyères"", ""short_name"": ""Hyères""}, {""types"": [""administrative_area_level_2"", ""political""], ""long_name"": ""Var"", ""short_name"": ""Var""}, {""types"": [""administrative_area_level_1"", ""political""], ""long_name"": ""Provence-Alpes-Côte d'Azur"", ""short_name"": ""Provence-Alpes-Côte d'Azur""}, {""types"": [""country"", ""political""], ""long_name"": ""France"", ""short_name"": ""FR""}, {""types"": [""postal_code""], ""long_name"": ""83400"", ""short_name"": ""83400""}]} La Boîte Immo : le partenaire de votre stratégie digitale Hektor, le logiciel immobilier pas comme les autres en moins de 2 minutes Actus Interkab - © D.R. « Je réalise régulièrement des ventes grâce à Interkab », Sandra Viricel Pour Sandra Viricel, l’acolyte de Stéphane Plaza dans Recherche Appartement ou Maison… Alexandre Jacquelin, Responsable développement national Interkab - © D.R. La boîte à outils d’Interkab : un atout majeur de communication Une année après le lancement d’Interkab, le plus important groupement immobilier de l’Hexagone, La… Olivier Bugette, Fondateur et PDG de La Boîte Immo - © D.R. « La digitalisation du secteur de l’immobilier avance à grand pas » En dépit de deux mois d’arrêt pour son activité « newbiz » durant le confinement, La Boîte Immo… Actus Interkab - © D.R. « Je réalise régulièrement des ventes grâce à Interkab », Sandra Viricel Pour Sandra Viricel, l’acolyte de Stéphane Plaza dans Recherche Appartement ou Maison… Alexandre Jacquelin, Responsable développement national Interkab - © D.R. La boîte à outils d’Interkab : un atout majeur de communication Une année après le lancement d’Interkab, le plus important groupement immobilier de l’Hexagone, La… Olivier Bugette, Fondateur et PDG de La Boîte Immo - © D.R. « La digitalisation du secteur de l’immobilier avance à grand pas » En dépit de deux mois d’arrêt pour son activité « newbiz » durant le confinement, La Boîte Immo… La Boîte Immo La Boîte Immo Olivier Bugette s’entoure aujourd’hui de 85 collaborateurs, experts dans leur domaine, pour proposer un éventail de solutions digitales très complet à destination des professionnels de l’immobilier. La Boîte Immo La Boîte Immo Olivier Bugette s’entoure aujourd’hui de 85 collaborateurs, experts dans leur domaine, pour proposer un éventail de solutions digitales très complet à destination des professionnels de l’immobilier. Logiciel Hektor Logiciel Hektor Ce sont aujourd’hui plus de 23 000 utilisateurs qui se connectent chaque jour au logiciel Hektor depuis leur ordinateur, leur smartphone ou encore leur tablette. Logiciel Hektor Logiciel Hektor Ce sont aujourd’hui plus de 23 000 utilisateurs qui se connectent chaque jour au logiciel Hektor depuis leur ordinateur, leur smartphone ou encore leur tablette. Prévisite Prévisite En 2015, le groupe La Boite Immo poursuit son développement en faisant notamment l’acquisition du leader du webmarketing immobilier, la société Previsite. Fort d’un réseau de revendeurs dans plus de 13 pays dans le monde, Previsite emmène le groupe à l’international. Prévisite Prévisite En 2015, le groupe La Boite Immo poursuit son développement en faisant notamment l’acquisition du leader du webmarketing immobilier, la société Previsite. Fort d’un réseau de revendeurs dans plus de 13 pays dans le monde, Previsite emmène le groupe à l’international. « La Boîte Immo, agence webmarketing spécialisée dans les métiers de l’immobilier a été créée en 2009. Editeur du logiciel immobilier Hektor, la société se hisse rapidement parmi les leaders du secteur. Aujourd’hui, Hektor est le logiciel N°1 à équiper les agences immobilières indépendantes. Depuis sa création La Boîte Immo a réalisé plus de 5200 sites internet immobiliers : uniques, attractifs et d’une grande qualité graphique. Notre équipe vous accompagne et vous conseille dans toutes les étapes de la réalisation de votre projet web : de la rédaction du cahier des charges jusqu’à la mise en ligne, en passant par l’élaboration d’une maquette et son intégration HTML/CSS. En mai 2018, La Boite Immo devient notamment le partenaire exclusif de la FNAIM pour ses solutions digitales de logiciel et site web. En parallèle de ce partenariat, la Fédération Nationale de l’Immobilier a choisi de confier la gestion et le développement de son logiciel de transaction immobilière FNAIM Connect à La Boîte Immo. En Novembre 2019, La Boîte Immo crée Interkab : le premier Groupement Immobilier National d’Agences Indépendantes ! Interkab, c’est 35 000* professionnels de l’immobilier qui partagent plus de 780 000* mandats (*chiffres Janvier 2020) » partagez",,,,"La Boîte Immo est le partenaire digital des agences immobilières, réseaux et groupements.","En Novembre 2019, La Boîte Immo crée Interkab : le premier Groupement Immobilier National d’Agences Indépendantes ! Interkab, c’est 35 000* professionnels de l’immobilier qui partagent plus de 780 000* mandats (*chiffres Janvier 2020) »",1,https://www.immomatin.com/annuaires/1.html,https://www.immomatin.com/annuaires/portails/la-boite-immo.html,ok
Meilleurs Agents,Services pour évaluer | Sites d'évaluation,"Meilleurs Agents, votre partenaire digital pour décrocher des mandats",,,,,,,,,,"Depuis plus de 10 ans, Meilleurs Agents est le partenaire privilégié des agents immobiliers et leur propose des outils pour augmenter leur visibilité auprès des vendeurs.","Parce que le Grand Paris va bouleverser en profondeur le marché immobilier francilien, la plateforme Meilleurs Agents a lancé officiellement, mardi 9 février 2021, l’Observatoire des prix…",1,https://www.immomatin.com/annuaires/1.html,https://www.immomatin.com/annuaires/evaluation/meilleursagents-com.html,ok
Nodalview,Photos Immo | Vidéo Immo | Visites virtuelles,Nodalview est la solution idéale pour les professionnels de l’immobilier qui souhaitent développer leur communication visuelle et leur image professionnelle.,,,contact@nodalview.com,contact@nodalview.com,https://public.nodalview.com/fr/?utm_campaign=Immomatin&utm_source=Page%20Annuaire%20Immomatin,"Belge Employés : 75 Dirigeant : Thomas Lepelaars Création : 2016 Données clés Nationalité : Belge Employés : 75 Dirigeant : Thomas Lepelaars Création : 2016 Adresse Av. Louise 523, 1000 Bruxelles, Belgique {""types"": [""premise""], ""geometry"": {""bounds"": {""east"": 4.3719682, ""west"": 4.3708239, ""north"": 50.81551289999999, ""south"": 50.8149624}, ""location"": {""lat"": 50.8154234, ""lng"": 4.371465}, ""viewport"": {""east"": 4.372745030291501, ""west"": 4.370047069708496, ""north"": 50.8165866302915, ""south"": 50.8138886697085}, ""location_type"": ""ROOFTOP""}, ""place_id"": ""ChIJV9bSkuXEw0cRSliZfZuiLtE"", ""formatted_address"": ""Av. Louise 523, 1000 Bruxelles, Belgique"", ""address_components"": [{""types"": [""street_number""], ""long_name"": ""523"", ""short_name"": ""523""}, {""types"": [""route""], ""long_name"": ""Avenue Louise"", ""short_name"": ""Av. Louise""}, {""types"": [""locality"", ""political""], ""long_name"": ""Bruxelles"", ""short_name"": ""Bruxelles""}, {""types"": [""administrative_area_level_1"", ""political""], ""long_name"": ""Bruxelles"", ""short_name"": ""Bruxelles""}, {""types"": [""country"", ""political""], ""long_name"": ""Belgique"", ""short_name"": ""BE""}, {""types"": [""postal_code""], ""long_name"": ""1000"", ""short_name"": ""1000""}]} Adresse Av. Louise 523, 1000 Bruxelles, Belgique {""types"": [""premise""], ""geometry"": {""bounds"": {""east"": 4.3719682, ""west"": 4.3708239, ""north"": 50.81551289999999, ""south"": 50.8149624}, ""location"": {""lat"": 50.8154234, ""lng"": 4.371465}, ""viewport"": {""east"": 4.372745030291501, ""west"": 4.370047069708496, ""north"": 50.8165866302915, ""south"": 50.8138886697085}, ""location_type"": ""ROOFTOP""}, ""place_id"": ""ChIJV9bSkuXEw0cRSliZfZuiLtE"", ""formatted_address"": ""Av. Louise 523, 1000 Bruxelles, Belgique"", ""address_components"": [{""types"": [""street_number""], ""long_name"": ""523"", ""short_name"": ""523""}, {""types"": [""route""], ""long_name"": ""Avenue Louise"", ""short_name"": ""Av. Louise""}, {""types"": [""locality"", ""political""], ""long_name"": ""Bruxelles"", ""short_name"": ""Bruxelles""}, {""types"": [""administrative_area_level_1"", ""political""], ""long_name"": ""Bruxelles"", ""short_name"": ""Bruxelles""}, {""types"": [""country"", ""political""], ""long_name"": ""Belgique"", ""short_name"": ""BE""}, {""types"": [""postal_code""], ""long_name"": ""1000"", ""short_name"": ""1000""}]} Nodalview | Des visuels immobiliers de qualité professionnelle depuis votre smartphone Nodalview Grâce à Nodalview devenez un agent immobilier 3.0 ! Gagnez en temps et en efficacité dans votre manière de travailler, tout en démontrant votre professionnalisme et votre expertise. Nodalview Grâce à Nodalview devenez un agent immobilier 3.0 ! Gagnez en temps et en efficacité dans votre manière de travailler, tout en démontrant votre professionnalisme et votre expertise. Actus Nodalview - © D.R. Quelles sont les tendances digitales pour l’immobilier à suivre en 2021 ? En immobilier, encore plus qu’ailleurs, la crise du Covid-19 a accéléré la transformation… Thomas Lepelaars, CEO de Nodalview - © D.R. Nodalview : une levée de fonds de 4,1 M d'€ Après une première levée de fonds de 1,7 million d’euros en 2019, la startup belge spécialisée… Visite virtuelle, Nodalview - © Nodalview Quelles vertus de la visite virtuelle ? La visite virtuelle, bien aidée par le contexte de crise pandémique, suscite un engouement sans… Actus Nodalview - © D.R. Quelles sont les tendances digitales pour l’immobilier à suivre en 2021 ? En immobilier, encore plus qu’ailleurs, la crise du Covid-19 a accéléré la transformation… Thomas Lepelaars, CEO de Nodalview - © D.R. Nodalview : une levée de fonds de 4,1 M d'€ Après une première levée de fonds de 1,7 million d’euros en 2019, la startup belge spécialisée… Visite virtuelle, Nodalview - © Nodalview Quelles vertus de la visite virtuelle ? La visite virtuelle, bien aidée par le contexte de crise pandémique, suscite un engouement sans… Contacter l'entreprise Je souhaite: Être contacté par e-mail Être contacté par téléphone Fixer un rendez-vous Envoyer Envoyé Contacter l'entreprise Je souhaite: Être contacté par e-mail Être contacté par téléphone Fixer un rendez-vous Envoyer Envoyé Nodalview est la solution idéale pour les professionnels de l’immobilier qui souhaitent développer leur communication visuelle et leur image professionnelle. Avec Nodalview, vous augmentez vos performances commerciales et votre prise de mandat grâce à une communication visuelle percutante. Notre solution complète révolutionne le métier d’agent immobilier, en vous permettant d’utiliser 4 outils innovants : La photo immobilière HD : Réalisez des photos de qualité professionnelle avec votre smartphone. La technologie Nodalview vous assure de réaliser des photos de qualité supérieure avec la meilleure exposition possible. La visite immobilière Transformez votre smartphone en caméra 360° et réalisez des visites virtuelles et panoramas 360° impactants et immersifs qui vont augmenter votre visibilité en ligne. La vidéo immobilière : Notre outil vidéo vous offre la possibilité de développer votre présence en ligne de manière fluide et intuitive en créant vos propres vidéos promotionnelles. La visite immobilière 3.0 : Proposez à vos clients des visites virtuelles guidées en ligne et à distance. Vous gérez de A à Z la visite comme si vous étiez sur place physiquement. Directement disponibles sur votre ordinateur, depuis votre espace client, vos visuels sont prêts à être diffusés sur votre site Internet, un portail immobilier, les réseaux sociaux ou dans votre vitrine quand vous le souhaitez. partagez",,,,"Grâce à la solution complète Nodalview, réalisez facilement et en toute autonomie vos photos, visites virtuelles, vidéos et visites immobilières 3.0 depuis votre smartphone.","Directement disponibles sur votre ordinateur, depuis votre espace client, vos visuels sont prêts à être diffusés sur votre site Internet, un portail immobilier, les réseaux sociaux ou dans votre vitrine quand vous le souhaitez.",1,https://www.immomatin.com/annuaires/1.html,https://www.immomatin.com/annuaires/photos/nodalview.html,ok
Orisha Real Estate,Logiciel de syndic | Logiciels de gestion | Logiciels de transaction | Visites virtuelles | Web agency immo,,,,,,https://realestate.orisha.com/,"Française Clients : +75 000 utilisateurs Données clés Employés : 500 Dirigeant : Vincent de Saint Sernin Création : 1980 Nationalité : Française Clients : +75 000 utilisateurs Photo d’équipe - Orisha Real Estate Photo d’équipe - Orisha Real Estate Présentation du Groupe Orisha real estate, l'écosystème digital des agents immobiliers - Vincent de Saint Sernin Orisha Real Estate : le 1er écosystème digital pour les professionnels de l'immobilier Né de l’union stratégique de plusieurs grands acteurs du marché tels que, IMMOFACILE, JESTIMO, CRYPTO et GERCOP, Orisha Real Estate a su créer un écosystème digital novateur qui est pensé pour répondre aux besoins des professionnels de l’immobilier et de leurs clients. Les 3 axes de l’offre Orisha Real Estate Grâce à un large choix de solutions et à leurs offres personnalisées, Orisha Real Estate aide ses clients à être plus efficaces et à développer leur activité. Ses offres s’articulents autour de 3 axes : • Logiciels immobiliers adaptés à chaque structure : transaction, gestion, syndic • Solution digitales pour aller plus loin : avis de valeur, visite virtuelle, agenda en ligne, logiciel de gestion d’incidents (pour les administrateurs de bien) • Communication digitale pour gagner en notoriété et valoriser son image de marque : création d’identité visuelle, création de site internet (template personnalisé ou sur-mesure), référencement (SEO/SEA), gestion de l’e-réputation et community management immobilier La mission fondamentale d’Orisha Real Estate : accompagner les professionnels de l’immobilier bien au-delà de la simple fourniture de solutions logicielles grâce à un suivi humain et personnalisé par des équipes dédiées. Cela se caractérise également par un échange continu d’idées, de connaissances et de bonnes pratiques, afin d’anticiper les tendances et de proposer des solutions adaptées aux futurs besoins. Orisha Real Estate : le 1er écosystème digital pour les professionnels de l'immobilier Né de l’union stratégique de plusieurs grands acteurs du marché tels que, IMMOFACILE, JESTIMO, CRYPTO et GERCOP, Orisha Real Estate a su créer un écosystème digital novateur qui est pensé pour répondre aux besoins des professionnels de l’immobilier et de leurs clients. Les 3 axes de l’offre Orisha Real Estate Grâce à un large choix de solutions et à leurs offres personnalisées, Orisha Real Estate aide ses clients à être plus efficaces et à développer leur activité. Ses offres s’articulents autour de 3 axes : • Logiciels immobiliers adaptés à chaque structure : transaction, gestion, syndic • Solution digitales pour aller plus loin : avis de valeur, visite virtuelle, agenda en ligne, logiciel de gestion d’incidents (pour les administrateurs de bien) • Communication digitale pour gagner en notoriété et valoriser son image de marque : création d’identité visuelle, création de site internet (template personnalisé ou sur-mesure), référencement (SEO/SEA), gestion de l’e-réputation et community management immobilier La mission fondamentale d’Orisha Real Estate : accompagner les professionnels de l’immobilier bien au-delà de la simple fourniture de solutions logicielles grâce à un suivi humain et personnalisé par des équipes dédiées. Cela se caractérise également par un échange continu d’idées, de connaissances et de bonnes pratiques, afin d’anticiper les tendances et de proposer des solutions adaptées aux futurs besoins. Adresse du siège : 206 Bd Anatole France, 93200 Saint-Denis, France {""types"": [""premise""], ""geometry"": {""bounds"": {""east"": 2.341347400000001, ""west"": 2.3409664, ""north"": 48.9183502, ""south"": 48.9180518}, ""location"": {""lat"": 48.91821540000001, ""lng"": 2.3411609}, ""viewport"": {""east"": 2.342510930291502, ""west"": 2.339812969708498, ""north"": 48.9195499802915, ""south"": 48.9168520197085}, ""location_type"": ""ROOFTOP""}, ""place_id"": ""ChIJdSV6X8Ju5kcRYN_zTw77arA"", ""formatted_address"": ""206 Bd Anatole France, 93200 Saint-Denis, France"", ""address_components"": [{""types"": [""street_number""], ""long_name"": ""206"", ""short_name"": ""206""}, {""types"": [""route""], ""long_name"": ""Boulevard Anatole France"", ""short_name"": ""Bd Anatole France""}, {""types"": [""locality"", ""political""], ""long_name"": ""Saint-Denis"", ""short_name"": ""Saint-Denis""}, {""types"": [""administrative_area_level_2"", ""political""], ""long_name"": ""Seine-Saint-Denis"", ""short_name"": ""Seine-Saint-Denis""}, {""types"": [""administrative_area_level_1"", ""political""], ""long_name"": ""Île-de-France"", ""short_name"": ""IDF""}, {""types"": [""country"", ""political""], ""long_name"": ""France"", ""short_name"": ""FR""}, {""types"": [""postal_code""], ""long_name"": ""93200"", ""short_name"": ""93200""}]} Adresse du siège : 206 Bd Anatole France, 93200 Saint-Denis, France {""types"": [""premise""], ""geometry"": {""bounds"": {""east"": 2.341347400000001, ""west"": 2.3409664, ""north"": 48.9183502, ""south"": 48.9180518}, ""location"": {""lat"": 48.91821540000001, ""lng"": 2.3411609}, ""viewport"": {""east"": 2.342510930291502, ""west"": 2.339812969708498, ""north"": 48.9195499802915, ""south"": 48.9168520197085}, ""location_type"": ""ROOFTOP""}, ""place_id"": ""ChIJdSV6X8Ju5kcRYN_zTw77arA"", ""formatted_address"": ""206 Bd Anatole France, 93200 Saint-Denis, France"", ""address_components"": [{""types"": [""street_number""], ""long_name"": ""206"", ""short_name"": ""206""}, {""types"": [""route""], ""long_name"": ""Boulevard Anatole France"", ""short_name"": ""Bd Anatole France""}, {""types"": [""locality"", ""political""], ""long_name"": ""Saint-Denis"", ""short_name"": ""Saint-Denis""}, {""types"": [""administrative_area_level_2"", ""political""], ""long_name"": ""Seine-Saint-Denis"", ""short_name"": ""Seine-Saint-Denis""}, {""types"": [""administrative_area_level_1"", ""political""], ""long_name"": ""Île-de-France"", ""short_name"": ""IDF""}, {""types"": [""country"", ""political""], ""long_name"": ""France"", ""short_name"": ""FR""}, {""types"": [""postal_code""], ""long_name"": ""93200"", ""short_name"": ""93200""}]}",,,,Orisha Real Estate : le premier écosystème digital pour les professionnels de l’immobilier de la transaction et de l’administration de biens.,"Orisha Real Estate est un éditeur de logiciels SaaS dédiés aux professionnels de l’immobilier. Le Groupe guide ses clients vers le succès en les éclairant sur les nouveaux enjeux du secteur, en les accompagnant dans leur développement et en leur fournissant des solutions innovantes et indispensables au bon fonctionnement de leurs activités : transaction immobilière, administration de biens, syndic de copropriété… Orisha Real Estate est une marque d’Orisha, éditeur international de logiciels B2B. Orisha Real Estate Orisha Real Estate Données clés Employés : 500 Dirigeant : Vincent de Saint Sernin Création : 1980",2,https://www.immomatin.com/annuaires/2.html,https://www.immomatin.com/annuaires/logiciels/orisha-real-estate.html,ok
Previsite,Réseaux sociaux Immo | Vidéo Immo | Visites virtuelles | Web agency immo,"25 Rue d’Artois, 75008 Paris",01 46 25 75 75,01 46 25 75 75,contact@previsite.com,contact@previsite.com,http://www.previsite.fr/,Française Création : 2000 Dirigeant : Stéphane Caron Nombre de pays couverts : 13 Nombre de clients : 7500 C.A. : 2 000 000€ Offre,,,,"Previsite, le leader européen du marketing immobilier avec la visite virtuelle, les annonces immobilières en vidéos, les réseaux sociaux, les sites dédiés à un bien et la 3D !","Previsite est le pionnier dans le secteur des solutions de création et de diffusion de contenu enrichi pour l’immobilier et est le leader sur son marché au travers ses différentes solutions pour les professionnels de l’immobilier. - Virtual Visit : l’outil qui vous permet de réaliser vous-mêmes vos propres visites virtuelles à 360° de qualité professionnelle et de les partager sur votre site internet, portails immobiliers et réseaux sociaux. Combiné à l’outil Live Visit, vous pouvez faire visiter vos biens à distance afin de mieux qualifier vos prospects et ainsi gagner du temps. - Mooveo : avec cette application, apprenez à réaliser vos vidéos immobilières de qualité professionnelle en toute autonomie. La vidéo immobilière apporte une réelle valeur ajoutée à vos annonces et vous permettra de générer plus de prospects qualifiés. - Spotvideo : Solution 100 % automatique vous permettant de créer automatiquement des vidéos de vos annonces immobilières pour augmenter leur visibilité sur les portails immobiliers, votre site internet et sur tous vos réseaux sociaux ! - Social Connect : Animez vos réseaux sociaux avec, en y diffusant automatiquement vos annonces immobilières. Un module spécifique vous aidera à alimenter votre page Facebook avec un contenu qualitatif. - Site Mandat : Cette solution vous permettra de valoriser chacun de vos mandats exclusifs grâce à un site dédié présentant les photos et vidéos, ainsi que toutes les informations de votre bien. Forts de notre expertise et de notre réseau de partenaires, nous accompagnons les professionnels de l’immobilier dans la mise en place de leur stratégie de marketing digital immobilier. Notre gamme de solutions permet aux agents immobiliers et promoteurs du monde entier de promouvoir leurs annonces de biens sur internet de façon attractive et innovante. Des solutions qui ont fait leur preuve : nos clients nous témoignent très souvent leur satisfaction sur l’utilisation de nos différents outils. En effet, ils leur permettent de générer plus de prospects et de mieux les qualifier, ce qui leur fait gagner du temps dans leur quotidien. Leurs annonces se démarquent de celles de leurs concurrents car elles apportent plus d’éléments en amont sur le bien présenté. Nos solutions de visites virtuelles, vidéos et photos immobilières séduisent aussi bien les agents immobiliers que leurs clients vendeurs et acquéreurs pour toutes ces raisons. Vidéo VIRTUALVISIT - Donnez plus de visibilité à vos annonces immobilières MOOVEO - Vos annonces immobilières en 5 minutes ! Réseaux sociaux Tweets by @previsite facebook linkedin instagram",2,https://www.immomatin.com/annuaires/2.html,https://www.immomatin.com/annuaires/reseaux-sociaux/previsite.html,ok
VIALINK,Logiciels de gestion,"La digitalisation de l’immobilier - Comment optimiser le parcours candidats locataires ? Plus de 200 clients nous font déjà confiance et parmi eux, des acteurs prestigieux. SeLoger, Citya ou encore Zelok ont compris l’importance de digitaliser leurs processus, pour booster leur productivité et améliorer l’expérience de leurs clients. Avec un dossier locataire constitué en 2 minutes et vérifié en 10 secondes, l’efficacité commerciale est tout simplement doublée…",,,hello@vialink.fr,hello@vialink.fr,https://www.vialink.fr/fr/accueil/,"Française Pays couverts : Europe Clients : +200 Données clés Dirigeant : Philippe Sanchis Création : 2000 Nationalité : Française Pays couverts : Europe Clients : +200 Localisation 33 Pl. Ronde, 92000 Nanterre, France {""types"": [""street_address""], ""geometry"": {""location"": {""lat"": 48.8925866, ""lng"": 2.231506}, ""viewport"": {""east"": 2.232854980291502, ""west"": 2.230157019708498, ""north"": 48.8939355802915, ""south"": 48.89123761970851}, ""location_type"": ""ROOFTOP""}, ""place_id"": ""ChIJISxYNvxk5kcRMp7fJ1FGMFE"", ""plus_code"": {""global_code"": ""8FW4V6VJ+2J"", ""compound_code"": ""V6VJ+2J Nanterre, France""}, ""formatted_address"": ""33 Pl. Ronde, 92000 Nanterre, France"", ""address_components"": [{""types"": [""street_number""], ""long_name"": ""33"", ""short_name"": ""33""}, {""types"": [""route""], ""long_name"": ""Place Ronde"", ""short_name"": ""Pl. Ronde""}, {""types"": [""locality"", ""political""], ""long_name"": ""Nanterre"", ""short_name"": ""Nanterre""}, {""types"": [""administrative_area_level_2"", ""political""], ""long_name"": ""Hauts-de-Seine"", ""short_name"": ""Hauts-de-Seine""}, {""types"": [""administrative_area_level_1"", ""political""], ""long_name"": ""Île-de-France"", ""short_name"": ""IDF""}, {""types"": [""country"", ""political""], ""long_name"": ""France"", ""short_name"": ""FR""}, {""types"": [""postal_code""], ""long_name"": ""92000"", ""short_name"": ""92000""}]} Localisation 33 Pl. Ronde, 92000 Nanterre, France {""types"": [""street_address""], ""geometry"": {""location"": {""lat"": 48.8925866, ""lng"": 2.231506}, ""viewport"": {""east"": 2.232854980291502, ""west"": 2.230157019708498, ""north"": 48.8939355802915, ""south"": 48.89123761970851}, ""location_type"": ""ROOFTOP""}, ""place_id"": ""ChIJISxYNvxk5kcRMp7fJ1FGMFE"", ""plus_code"": {""global_code"": ""8FW4V6VJ+2J"", ""compound_code"": ""V6VJ+2J Nanterre, France""}, ""formatted_address"": ""33 Pl. Ronde, 92000 Nanterre, France"", ""address_components"": [{""types"": [""street_number""], ""long_name"": ""33"", ""short_name"": ""33""}, {""types"": [""route""], ""long_name"": ""Place Ronde"", ""short_name"": ""Pl. Ronde""}, {""types"": [""locality"", ""political""], ""long_name"": ""Nanterre"", ""short_name"": ""Nanterre""}, {""types"": [""administrative_area_level_2"", ""political""], ""long_name"": ""Hauts-de-Seine"", ""short_name"": ""Hauts-de-Seine""}, {""types"": [""administrative_area_level_1"", ""political""], ""long_name"": ""Île-de-France"", ""short_name"": ""IDF""}, {""types"": [""country"", ""political""], ""long_name"": ""France"", ""short_name"": ""FR""}, {""types"": [""postal_code""], ""long_name"": ""92000"", ""short_name"": ""92000""}]} Sélectionnez les meilleurs dossiers locataires ! Citya Immobilier digitalise le parcours des candidats locataires avec VIALINK La signature électronique VIALINK SIGN Regard croisé sur la digitalisation du parcours locataire (feat #Citya, #LesAgencesdePapa) La digitalisation de l’immobilier – Comment optimiser le parcours candidats locataires ? La digitalisation de l’immobilier – Comment optimiser le parcours candidats locataires ? Et si les nouvelles technologies étaient la clé de l’optimisation ? Dans le nouveau monde, ce n’est pas le gros poisson qui mange le petit ; c’est le plus rapide qui mange le plus lent. Klaus Schwab, Ingénieur et Economiste C’est en tout cas ce que pensent 83 % des agents immobiliers , qui prévoient d’augmenter le recours au digital dans leur activité. Une véritable aubaine, puisque la moitié des particuliers sont prêts justement à prendre ce virage pour leurs projets immobiliers. La digitalisation du secteur fluidifie les procédures pour les propriétaires, les locataires ou encore les acheteurs. Visites virtuelles, estimation en ligne, état des lieux sur tablette : les nouveaux outils côté client sont pléthore, mais ne sont que la partie émergée de l’iceberg. Le changement se dessine aussi, et surtout, en back-office, avec la vocation de transformer totalement le parcours client. Découvrez dans ce livre blanc : • Etat des lieux du secteur face au digital • Zoom sur les nouveaux usages • l’IA transforme et sécurise la validation des dossiers • 4 cas d’usage : Les Agences de Papa, Citya, ZELOK et Périal AM Télécharger le livre blanc : La digitalisation de l’immobilier - Comment optimiser le parcours candidats locataires ? La digitalisation de l’immobilier – Comment optimiser le parcours candidats locataires ? La digitalisation de l’immobilier – Comment optimiser le parcours candidats locataires ? Et si les nouvelles technologies étaient la clé de l’optimisation ? Dans le nouveau monde, ce n’est pas le gros poisson qui mange le petit ; c’est le plus rapide qui mange le plus lent. Klaus Schwab, Ingénieur et Economiste C’est en tout cas ce que pensent 83 % des agents immobiliers , qui prévoient d’augmenter le recours au digital dans leur activité. Une véritable aubaine, puisque la moitié des particuliers sont prêts justement à prendre ce virage pour leurs projets immobiliers. La digitalisation du secteur fluidifie les procédures pour les propriétaires, les locataires ou encore les acheteurs. Visites virtuelles, estimation en ligne, état des lieux sur tablette : les nouveaux outils côté client sont pléthore, mais ne sont que la partie émergée de l’iceberg. Le changement se dessine aussi, et surtout, en back-office, avec la vocation de transformer totalement le parcours client. Découvrez dans ce livre blanc : • Etat des lieux du secteur face au digital • Zoom sur les nouveaux usages • l’IA transforme et sécurise la validation des dossiers • 4 cas d’usage : Les Agences de Papa, Citya, ZELOK et Périal AM Télécharger le livre blanc : La digitalisation de l’immobilier - Comment optimiser le parcours candidats locataires ? Tout savoir sur la signature électronique Tout savoir sur la signature électronique Le développement technologique et l’essor des nouveaux moyens de communications a mené notre société à se digitaliser. De plus en plus d’entreprises ont pris le pas de la transformation numérique, qui s’impose comme une nécessité dans leur quotidien. 75 % des entreprises considèrent le digital comme un vecteur de croissance. Source : 3 e baromètre “Croissance et Digital” de l’ACSEL. À l’ère du « tout numérique », la signature électronique s’impose comme une pratique indispensable dans l’entreprise. Innovante, fiable et sécurisée, la contractualisation digitale séduit le plus grand nombre car elle répond à tous les enjeux actuels. En simplifiant le processus et la gestion de signature des documents, elle fait gagner du temps aux entreprises et aux utilisateurs finaux. Ce livre blanc vous apportera toutes les informations nécessaires sur la signature électronique avant de vous lancer ! Télécharger le livre blanc : Tout savoir sur la signature électronique Tout savoir sur la signature électronique Tout savoir sur la signature électronique Le développement technologique et l’essor des nouveaux moyens de communications a mené notre société à se digitaliser. De plus en plus d’entreprises ont pris le pas de la transformation numérique, qui s’impose comme une nécessité dans leur quotidien. 75 % des entreprises considèrent le digital comme un vecteur de croissance. Source : 3 e baromètre “Croissance et Digital” de l’ACSEL. À l’ère du « tout numérique », la signature électronique s’impose comme une pratique indispensable dans l’entreprise. Innovante, fiable et sécurisée, la contractualisation digitale séduit le plus grand nombre car elle répond à tous les enjeux actuels. En simplifiant le processus et la gestion de signature des documents, elle fait gagner du temps aux entreprises et aux utilisateurs finaux. Ce livre blanc vous apportera toutes les informations nécessaires sur la signature électronique avant de vous lancer ! Télécharger le livre blanc : Tout savoir sur la signature électronique Contacter l'entreprise Je souhaite: Être contacté par e-mail Être contacté par téléphone Fixer un rendez-vous Envoyer Envoyé Contacter l'entreprise Je souhaite: Être contacté par e-mail Être contacté par téléphone Fixer un rendez-vous Envoyer Envoyé La digitalisation de l’immobilier - Comment optimiser le parcours candidats locataires ? Plus de 200 clients nous font déjà confiance et parmi eux, des acteurs prestigieux. SeLoger, Citya ou encore Zelok ont compris l’importance de digitaliser leurs processus, pour booster leur productivité et améliorer l’expérience de leurs clients. Avec un dossier locataire constitué en 2 minutes et vérifié en 10 secondes, l’efficacité commerciale est tout simplement doublée… VIALINK réinvente l’expérience client. Que ce soit en agence ou en ligne, le parcours client optimal est celui qui se déroule sans obstacle. Face à une concurrence toujours plus vive, le taux de transformation dépend souvent de la capacité à proposer au client, un parcours fluide sur tous les canaux. VIALINK capitalise sur son expertise des processus complexes pour apporter une réponse d’ensemble aux enjeux d’entrée en relation et de contractualisation. partagez",,,,VIALINK propose des solutions pour automatiser et digitaliser les parcours candidats locataires de la collecte du dossier à la signature du bail.,"VIALINK réinvente l’expérience client. Que ce soit en agence ou en ligne, le parcours client optimal est celui qui se déroule sans obstacle. Face à une concurrence toujours plus vive, le taux de transformation dépend souvent de la capacité à proposer au client, un parcours fluide sur tous les canaux. VIALINK capitalise sur son expertise des processus complexes pour apporter une réponse d’ensemble aux enjeux d’entrée en relation et de contractualisation.",2,https://www.immomatin.com/annuaires/2.html,https://www.immomatin.com/annuaires/logiciels/vialink.html,ok
Webgenery,Logiciels de multi-diffusion | Logiciels de transaction | Web agency immo,,,,,,,,,,,Webgenery spécialiste du webmarketing immobilier depuis 15 ans et éditeur du logiciel et CRM immobilier nomadimmo®Pro - Coach en stratégie digitale,"Dans un marché hautement concurrentiel et un contexte de pénurie de mandats, une bonne visibilité sur le web est plus que jamais indispensable pour les professionnels de l’immobilier. Mais encore…",2,https://www.immomatin.com/annuaires/2.html,https://www.immomatin.com/annuaires/logiciels/webgenery.html,ok
1 % IMMO,Réseau de mandataires,229 rue Solferino 59000 Lille 1 % IMMO,,,ff@unpourcentimmo.eu,ff@unpourcentimmo.eu,,Française,2019,Frédéric FERRARI,20,1 % IMMO,"Nous avons crée « l’UBERIMMOBILIER » sous la marque de 1 % IMMOBILIER. Ce qui veut dire que nos honoraires ne sont que de 1 % !.La profession d’agent immobilier à PAPA derrière un bureau à attendre que le Client vienne , c’est fini.Le nouvel Agent immobilier se doit d’aller vers le client.",2,https://www.immomatin.com/annuaires/2.html,https://www.immomatin.com/annuaires/franchise/1-immo.html,ok
100=0,Sites d'agence,1334 avenue JRGG de la Lauzière 13000 AIX EN PROVENCE contact@100 e gale0.fr 100=0,04 69 00 20 88,04 69 00 20 88,,,,Française,2017,Rémi Ober,3,Réseau immobilier sans commission et sans frais,100=0 est un réseau immobilier qui propose l’ensemble des services d’un agent immobilier pour 0€ de commissions. Profitez de nos services sans aucun frais pour le client qu’il soit vendeur ou acquéreur,2,https://www.immomatin.com/annuaires/2.html,https://www.immomatin.com/annuaires/portails/100-0.html,ok
123webimmo.com,Réseau de franchisés,,04 66 27 01 23,04 66 27 01 23,emmanuel@123webimmo.com,emmanuel@123webimmo.com,https://123webimmo.com,Française Année de création : 2003,,DABOUDET Jacques,3,Réseau d’agences Carte T 100 % web pratiquant des honoraires équitables « L’essentiel de l’immobilier au meilleur prix »,"Faire simple, aller à l’essentiel, être au service clients et rentabiliser son entreprise, ces quelques mots illustrent parfaitement le concept 123webimmo.com. Créé en 2003, notre réseau est plus que jamais d’actualité. Situé entre les agences immobilières traditionnelles aux coût de fonctionnement élevés et les réseaux de mandataires, sans réel valorisation métier, 123webimmo.com est la solution idéale pour qui veut s’installer dans un projet de vie professionnel durable, rentable et répondant aux besoins clients. Notre principal objectif : réduire les coûts d’exploitation et les honoraires tout en maintenant un niveau de service qualitatif et une rentabilité maximale.",2,https://www.immomatin.com/annuaires/2.html,https://www.immomatin.com/annuaires/franchise/123webimmo-com.html,ok
2M Immobilier,Agence immobilière indépendante,,01 64 79 14 65,01 64 79 14 65,accueil@2m-immo.com,accueil@2m-immo.com,http://www.2m-immo.com,Française,2009,M. Franck Mannier et M. Alain Mérieux,3 à 5,Agence immobilière sur le secteur de Melun et son agglomération.,2M Immobilier est une agence indépendante située à Melun. Ses agents négocient des projets immobiliers pour les acheteurs et les vendeurs.,2,https://www.immomatin.com/annuaires/2.html,https://www.immomatin.com/annuaires/franchise/2m-immobilier.html,ok
2VR,Visites virtuelles,112 Avenue De Paris 94300 Vincennes,09 72 60 78 11,09 72 60 78 11,,,,Française,2015,Michel BAMS,< 10,La communication en réalité virtuelle,2VR a développé et distribue une solution complète extrêmement simple qui permet aux agences immobilières de réaliser des visites virtuelles en 360 en toute autonomie. Ces visites sont ainsi immédiatement visibles dans un casque Samsung Gear VR pour une forte immersion et également sur internet via un navigateur.La solution fonctionne tant sur les biens anciens avec l’appareil photo inclus dans la solution que pour la promotion avec l’intégration des modélisations des biens.,2,https://www.immomatin.com/annuaires/2.html,https://www.immomatin.com/annuaires/photos/2vr.html,ok
3 %.com,Réseau de franchisés,1011 avenue des Golfs Domaine de la Colle Douce - 83700 SAINT RAPHAEL 3 %,04 98 12 30 17,04 98 12 30 17,contact@troispourcent.com,contact@troispourcent.com,http://www.troispourcent.com,Française,2008,Laurent DE BREYNE,NC,Annonces immobilières en France et Dom-Tom,"3 %.com est un réseau national immobilier à honoraires réduits. La société vous apporte son expertise, son professionnalisme et sa disponibilité afin de mener à bien votre projet immobilier.",2,https://www.immomatin.com/annuaires/2.html,https://www.immomatin.com/annuaires/franchise/3-com.html,ok
